-- phpMyAdmin SQL Dump
-- version 5.2.2deb1+jammy3
-- https://www.phpmyadmin.net/
--
-- Host: localhost:3306
-- Generation Time: May 13, 2025 at 11:15 AM
-- Server version: 8.0.42-0ubuntu0.22.04.1
-- PHP Version: 8.1.2-1ubuntu2.21

SET SQL_MODE = "NO_AUTO_VALUE_ON_ZERO";
START TRANSACTION;
SET time_zone = "+00:00";


/*!40101 SET @OLD_CHARACTER_SET_CLIENT=@@CHARACTER_SET_CLIENT */;
/*!40101 SET @OLD_CHARACTER_SET_RESULTS=@@CHARACTER_SET_RESULTS */;
/*!40101 SET @OLD_COLLATION_CONNECTION=@@COLLATION_CONNECTION */;
/*!40101 SET NAMES utf8mb4 */;

--
-- Database: `cei326omada4`
--

-- --------------------------------------------------------

--
-- Table structure for table `bussiness`
--

CREATE TABLE `bussiness` (
  `id` int NOT NULL,
  `declaration_id` int DEFAULT NULL,
  `business_name` varchar(100) COLLATE utf8mb4_general_ci DEFAULT NULL,
  `business_type` varchar(100) COLLATE utf8mb4_general_ci DEFAULT NULL,
  `participation_type` varchar(50) COLLATE utf8mb4_general_ci DEFAULT NULL
) ENGINE=InnoDB DEFAULT CHARSET=utf8mb4 COLLATE=utf8mb4_general_ci;

--
-- Dumping data for table `bussiness`
--

INSERT INTO `bussiness` (`id`, `declaration_id`, `business_name`, `business_type`, `participation_type`) VALUES
(1, 1, '', '', ''),
(2, 2, '', '', ''),
(3, 3, '', '', ''),
(4, 4, '', '', ''),
(5, 5, '', '', ''),
(6, 6, '', '', ''),
(7, 7, '', '', ''),
(8, 8, '', 'Εκδοτικός οίκος', 'Συνιδιοκτήτης'),
(9, 9, 'HETEPOTOPIA', 'Εκδοτικός οίκος', 'Συνιδιοκτήτης'),
(10, 10, '', '', ''),
(11, 11, '', '', ''),
(12, 12, '', '', ''),
(13, 13, '', '', ''),
(14, 14, '', '', ''),
(15, 15, '', '', ''),
(16, 16, 'Business insights Consulting Ltd BICL', 'Εταιρεία Υπηρεσιών', 'Οικογενειακή Επιχείρηση / Διευθυντής'),
(17, 17, '', '', ''),
(18, 18, '', '', ''),
(19, 19, '', '', ''),
(20, 20, '', '', ''),
(21, 21, '', '', ''),
(22, 22, '', '', ''),
(23, 23, '', '', ''),
(24, 24, '', '', ''),
(25, 25, '', '', ''),
(26, 26, 'S Click Home LTD', '', 'Ιδιοκτήτης'),
(27, 27, '', '', ''),
(28, 28, 'S Click Home LTD', 'Κτηματικές Επιχειρήσεις', '100%'),
(29, 29, 'Ανδρέασ & Πασιουρτίδης', 'Δικηγορική Εταιρία', 'Ιδιοκτήτης'),
(30, 29, 'P.L.P DPO Services LTD', 'Υπηρεσίες Προστασίας Προσωπικών Δεδομένων', '33,4%'),
(31, 30, 'Ν. Ιωαννίδης και ΣΙΑ ΔΕΠΕ', 'Δικηγορικό Γραφείο', 'Διευθυντής'),
(32, 31, 'Ανδρέασ & Πασιουρτίδης Δ.Ε.Π.Ε', 'Δικηγορική Εταιρία', 'Μετοχές 100%'),
(33, 31, 'P.L.P DPO Services LTD', 'Συμβουλευτικές Υπηρεσίες Προστασίας Προσωπικών Δεδομένων', 'Μετοχές 33,4%'),
(36, 33, 'Danalira Ltd ', 'Διευθυντής & Γραμματέας', '50% Ποσοστό Συμμετοχής'),
(37, 34, 'Dodona Art Ltd', 'Γκαλερί τέχνης', 'Μέτοχος 50%'),
(38, 35, 'Danalira Ltd ', '50% Ποσοστό συμμετοχής', '500 Μετοχές'),
(39, 36, '', '', ''),
(40, 37, '', '', ''),
(42, 39, '', '', ''),
(43, 40, '', '', ''),
(44, 41, '', '', ''),
(45, 42, '', '', ''),
(46, 43, '', '', ''),
(47, 44, '', '', ''),
(48, 45, '', '', ''),
(49, 46, '', '', ''),
(51, 48, '', '', ''),
(52, 49, '', '', ''),
(53, 50, '', '', ''),
(54, 51, 'M2 ART - Καλιτεχνικές Υπηρεσίες Ι.Κ.Ε', 'Παροχή Καλιτεχνικών Υπηρεσιών', 'Έταιρος κατα 99%'),
(55, 51, 'PEARLS RESIDENT', 'Διαχείρηση Ακινήτων', 'Έταιρος κατα 100%'),
(56, 51, '8311927 Canada INC', 'Εταιρία Συμμετεχών', 'Έταιρος κατα 75%'),
(57, 51, 'LK ART Consultants ', '', 'Έταιρος κατα 100%'),
(58, 51, 'ΜΙΓΙΑΡΗ LTD', 'Ενοικιάσεις, Καλλιτεχνικές Υπηρεσίες', 'Έταιρος κατα 99.9%'),
(59, 51, 'Talanto Capital Markets', 'Διαχείρηση Ιδίων Κεφαλαίων', 'Έταιρος κατα 20%'),
(60, 51, 'Talanto Capital Markets', 'Επενδυτικό Ταμείο', 'Κυμαινόμενο Μερίδιο'),
(61, 52, 'PHS & PARTNERS LTD', 'Λογιστές - Ελεγκτές', 'Μέτοχος 460 (46%)'),
(62, 53, '', '', ''),
(63, 54, '', '', ''),
(64, 55, '', '', ''),
(65, 56, '', '', ''),
(66, 57, 'Φαρμακείο Άγγελος Βότσης Λτδ', '', '51%'),
(67, 57, 'Ενωμένα Φαρμακεία Κύπρου Λτδ', '', '5 μετοχές'),
(68, 58, 'Φαρμακείο Άγγελος Βότσης Λτδ', '', '51%'),
(69, 58, 'Ενωμένα Φαρμακεία Κύπρου Λτδ', '', '5 μετοχές'),
(70, 59, '', '', ''),
(71, 60, '', '', ''),
(72, 61, '', '', ''),
(73, 62, '', '', ''),
(74, 63, '', '', ''),
(75, 64, '', '', ''),
(76, 65, 'Οπτικός Οίκος Ζ. Ζαχαρίου ΛΤΔ', 'Οφθαλμομετρήσεις - Φ. Ε. - Οπτικά', 'Ιδιοκτήτης'),
(77, 66, 'Οπτικός Οίκος Ζ. Ζαχαρίου ΛΤΔ', 'Οφθαλμομετρήσεις - Φ. Ε. - Οπτικά', 'Ιδιοκτήτης'),
(78, 67, 'Alternus Cunsulting Ltd', '', '100% μερίδιο'),
(79, 67, 'Spanios Estate Developers Ltd', '', '25% μερίδιο'),
(80, 68, 'Alternus Cunsulting Ltd', '', '100% μερίδιο'),
(81, 68, 'Spanios Estate Developers Ltd', '', '25% μερίδιο'),
(82, 69, 'Kassinis Holdings Limited', 'Ιδιωτική Εταιρία με μετοχικό κεφάλαιο', 'Μετοχές και Διευθυντής'),
(83, 70, '', '', ''),
(84, 71, 'ΕΜΟΡΑ ΛΤΔ', 'Εμπορική Εταιρία Αμμοχώστου Δημόσια', '1106 μετοχές'),
(85, 72, 'A. P. KYPRIANOU and Sons LTD', '', 'Μετοχές 25%'),
(86, 73, 'A. P. KYPRIANOU and Sons LTD', '', 'Μετοχές 25%'),
(87, 74, 'A. Triantafyllides Estates Ltd', '', 'Μετοχές 13.11%'),
(88, 75, '', '', ''),
(89, 76, '', '', ''),
(90, 77, '', '', ''),
(91, 78, '', '', ''),
(92, 79, 'Ανδρέασ & Πασιουρτίδης Δ.Ε.Π.Ε', 'Δικηγορική Εταιρία', 'Μετοχές 100%'),
(93, 79, 'P.L.P DPO Services LTD', 'Συμβουλευτικές Υπηρεσίες Προστασίας Προσωπικών Δεδομένων', 'Μετοχές 33,4%'),
(94, 80, '', '', ''),
(95, 81, 'MANIFEK LTD', 'Γεωργική εταιρεία', 'Χωρίς μετοχές'),
(96, 82, 'CPB', 'ελληνικό μετοχικό', 'Μετοχή- ενεργά μερίδια 323.663'),
(97, 82, 'Κτηματική εταιρία χατζηκυριάκου δημόσια ΛΤΔ', '', 'Μετοχή- αριθμός μετοχών 7.786'),
(98, 82, 'Αλάσια κτηματική Α.Ε', '', 'Μετοχή- αριθμός μετοχών 8.166'),
(99, 82, '', '', ''),
(100, 83, 'Shemen Zayit Limited', 'Κατοχή ακινήτων', '50% μετοχικού κεφαλαίου'),
(101, 84, 'LHP METALLOPLASTICS LTD', 'Εμπορια Μέταλλων', 'Μέτοχος '),
(102, 84, 'Lordos Plastics', '', 'Μέτοχος, αριθμός σε κατοχή 140.500'),
(103, 84, 'Τράπεζα Κύπρου', '', 'Μέτοχος, αριθμός σε κατοχή 4.112'),
(104, 85, 'TSH A. Tsokkos Hotel', '', 'Μετοχές, αριθμός σε κατοχή 5'),
(105, 86, 'TSH A. Tsokkos Hotel', 'Εμπορια Μέταλλων', 'Μετοχές, αριθμός σε κατοχή 5'),
(106, 87, '', '', ''),
(107, 88, ' JACENDEN LIMITED', '', 'Δανεισμός προς εταιρεία €400.000'),
(108, 89, '', '', ''),
(109, 90, 'Φαρμακείο Νίκου Νούρη', '', ''),
(110, 91, '', '', ''),
(111, 92, '', '', ''),
(112, 93, '', '', ''),
(113, 94, '', '', ''),
(114, 95, '', '', ''),
(115, 96, '', '', ''),
(116, 97, '', '', ''),
(117, 98, 'Τακης Σοφοκλέους Αρχιτέκτονες Λτδ', '', '25%'),
(118, 99, '', '', ''),
(119, 100, '', '', ''),
(120, 101, '', '', ''),
(121, 102, '', '', '');

-- --------------------------------------------------------

--
-- Table structure for table `debts`
--

CREATE TABLE `debts` (
  `id` int NOT NULL,
  `declaration_id` int DEFAULT NULL,
  `creditor_name` varchar(100) COLLATE utf8mb4_general_ci DEFAULT NULL,
  `type` varchar(100) COLLATE utf8mb4_general_ci DEFAULT NULL,
  `amount` decimal(12,2) DEFAULT NULL
) ENGINE=InnoDB DEFAULT CHARSET=utf8mb4 COLLATE=utf8mb4_general_ci;

--
-- Dumping data for table `debts`
--

INSERT INTO `debts` (`id`, `declaration_id`, `creditor_name`, `type`, `amount`) VALUES
(1, 1, NULL, NULL, NULL),
(2, 2, NULL, NULL, NULL),
(3, 3, 'Alpha Bank', 'Αυτοκινητοδάνειο', 17075.00),
(4, 3, 'Alpha Bank', 'Agean VISA', 228.00),
(5, 4, 'ΚΟΑΓ (κοινός με σύζυγο)', NULL, 151700.00),
(6, 5, 'ΚΟΑΓ (κοινός με σύζυγο)', 'Στεγαστικό', 151700.00),
(7, 6, NULL, NULL, 100.00),
(8, 6, NULL, NULL, 60.00),
(9, 7, NULL, 'Οργανισμός Χρηματοδοτήσεως Στέγης', 130.00),
(10, 8, NULL, 'Οργανισμός Χρηματοδοτήσεως Στέγης', 130.00),
(11, 9, NULL, 'Οργανισμός Χρηματοδοτήσεως Στέγης', 130.00),
(12, 10, 'BOC', 'Στεγαστικό', 95.00),
(13, 10, 'KBC', 'Στεγαστικό', 20.00),
(14, 11, 'BOC', 'Στεγαστικό', 68878.00),
(15, 11, 'Χρυσταλλένη Ποντικού', 'Αγορά γης', 31.00),
(16, 12, 'BOC', 'Στεγαστικό', 43021.00),
(17, 12, NULL, 'Αγορά γης', 3.00),
(18, 13, NULL, NULL, NULL),
(19, 14, NULL, NULL, NULL),
(20, 15, NULL, NULL, NULL),
(21, 16, NULL, NULL, NULL),
(22, 17, 'Τράπεζα Κύπρου', 'Τακτής Προθεσμίας', 99000.00),
(23, 17, 'Ελληνική Τράπεζα', 'Οικιστικό', 17486.00),
(24, 17, 'Οργανισμός Χρηματοδοτήσεως', 'Οικιστικό', 11537.00),
(25, 18, NULL, NULL, NULL),
(26, 19, NULL, NULL, NULL),
(27, 20, NULL, NULL, NULL),
(28, 21, 'Alpha Bank', 'Δάνειο', 13745.00),
(29, 21, 'Alpha Bank', 'Δάνειο', 8956.00),
(30, 21, 'Alpha Bank', 'Δάνειο', 7852.00),
(31, 21, 'Alpha Bank', 'Χρεωστική Κάρτα', 12.00),
(32, 22, 'Οργανισμός Χρηματοδοτήσεως  Στέγασης ', 'Στεγαστικό', 14150.00),
(33, 23, NULL, NULL, NULL),
(34, 24, NULL, NULL, NULL),
(35, 25, NULL, NULL, NULL),
(36, 26, 'Τράπεζα Κύπρου', 'Στεγαστικό', 66253.00),
(37, 27, NULL, NULL, NULL),
(38, 28, NULL, NULL, NULL),
(39, 29, 'Ελληνική Τράπεζα', 'Δάνειο Αυτοκινήτου', 16223.00),
(40, 29, 'Ελληνική Τράπεζα', 'Καταναλωτικό', 5366.00),
(41, 29, 'Τράπεζα Κύπρου', 'Στεγαστικό', 107491.00),
(42, 29, 'Τράπεζα Κύπρου', 'Στεγαστικό', 74203.00),
(43, 30, 'Ελληνική Τράπεζα', 'Στεγαστικό Δάνειο', 137.73),
(44, 31, 'Τράπεζα Κύπρου', NULL, 101287.00),
(45, 31, 'Ελληνική Τράπεζα', NULL, 12711.00),
(47, 33, 'Τράπεζα Κύπρου', NULL, 3920.00),
(48, 33, 'Ελληνική Τράπεζα', NULL, 18649.00),
(49, 34, 'Τράπεζα Κύπρου', 'Στεγαστικό Δάνειο μαζί με σύζυγο', 0.00),
(50, 34, 'Τράπεζα Κύπρου', 'Δάνειο για αγορά αυτοκινήτου', 0.00),
(51, 35, NULL, NULL, NULL),
(52, 36, 'ΕΤΕ (Κύπρου) ΛΤΔ', 'Δάνειο', 30.93),
(53, 36, 'Τράπεζα Κύπρου ΛΤΔ', 'Δάνειο', 16.92),
(54, 36, 'Τράπεζα Κύπρου ΛΤΔ', 'Κοινό δάνειο με την σύζυγο Μαρία Συνεση', 49.46),
(55, 36, 'ΕΤΕ (Κύπρου) ΛΤΔ', 'Credit Card', NULL),
(56, 37, NULL, 'Στεγαστικό δάνειο', 130450.00),
(58, 39, NULL, 'Δάνειο προσωπικό', 70000.00),
(59, 40, NULL, NULL, NULL),
(60, 41, NULL, NULL, NULL),
(61, 42, 'Οργανισμός Χρηματοδοτήσεως Στέγης', 'Σπουδαστικό', 56500.00),
(62, 42, 'Οργανισμός Χρηματοδοτήσεως Στέγης', 'Σπουδαστικό', 30257.00),
(63, 43, 'Οργανισμός Χρηματοδοτήσεως Στέγης', 'Σπουδαστικό', 39810.00),
(64, 43, 'Οργανισμός Χρηματοδοτήσεως Στέγης', 'Σπουδαστικό', 20054.00),
(65, 44, 'Συνεργατική Κυπριακή Τράπεζα', 'Στεγαστικό', 43000.00),
(66, 44, 'ΟΧΣ', 'Φοιτητικό', 21600.00),
(67, 44, 'ΟΧΣ', 'Φοιτητικό', 15900.00),
(68, 45, 'Ελληνική Τράπεζα', 'Για απόκτηση πρώτης κατοικίας ως συνοφειλετής με τη σύζυγο', 27357.00),
(69, 45, 'Οργανισμός Χρηματοδοτήσεως Στέγης', 'Σπουδιαστικά δάνεια', 15830.00),
(70, 45, 'Οργανισμός Χρηματοδοτήσεως Στέγης', 'Σπουδιαστικά δάνεια', 9659.00),
(71, 46, 'Ελληνική Τράπεζα', 'Στεγαστικό δάνειο για απόκτηση 1ης κατοικίας', 6182.00),
(72, 46, 'Οργανισμός Χρηματοδοτήσεως Στέγης', 'Σπουδιαστικά δάνειο ως συνοφειλέτης με τη σύζυγο καθ τη θυγατέρα του', 7930.00),
(73, 46, 'Οργανισμός Χρηματοδοτήσεως Στέγης', 'Σπουδιαστικά δάνειο ως συνοφειλέτης με τη σύζυγο καθ τη θυγατέρα του', 524.00),
(75, 48, NULL, 'Δάνειο', 90000.00),
(76, 49, NULL, NULL, NULL),
(77, 50, NULL, NULL, NULL),
(78, 51, NULL, NULL, NULL),
(79, 52, 'HELLENIC BANK', 'HOUSING LOAN THEMELIO (Joint- σύζυγο)', 242858.00),
(80, 52, 'BANK OF CYPRUS', 'HOUSING LOAN', 180491.00),
(81, 52, 'EUROBANK', 'INVESTMENT HOUSING LOAN', 40363.00),
(82, 53, 'HELLENIC BANK', 'HOUSING LOAN THEMELIO (Joint- σύζυγο)', 232206.00),
(83, 53, 'BANK OF CYPRUS', 'HOUSING LOAN', 174440.00),
(84, 53, 'EUROBANK', 'INVESTMENT HOUSING LOAN', 35155.00),
(85, 54, 'Τράπεζα Κύπρου', NULL, 20557.00),
(86, 54, 'Τράπεζα Κύπρου', NULL, 26196.00),
(87, 54, 'Τράπεζα Κύπρου', NULL, 45534.00),
(88, 55, 'Τράπεζα Κύπρου', NULL, 110000.00),
(89, 56, 'Τράπεζα Κύπρου', NULL, 24793.00),
(90, 56, 'Τράπεζα Κύπρου', NULL, 51225.00),
(91, 56, 'Τράπεζα Κύπρου', NULL, 34951.00),
(92, 57, 'Οργανισμός Χρηματοδοτέας Στέγης', 'Σπουδαστικά Δάνεια Επισυναπτεται Κατάσταση Λογαριασμού', NULL),
(93, 58, 'Οργανισμός Χρηματοδοτήσεως Στέγης', 'Σπουδαστικά Δάνεια', 32728.52),
(94, 58, 'Οργανισμός Χρηματοδοτήσεως Στέγης', 'Σπουδαστικά Δάνεια', 26161.12),
(95, 58, 'Οργανισμός Χρηματοδοτήσεως Στέγης', 'Σπουδαστικά Δάνεια', 14869.91),
(96, 58, 'Οργανισμός Χρηματοδοτήσεως Στέγης', 'Σπουδαστικά Δάνεια', 26438.34),
(97, 59, 'Τράπεζα Κύπρου', 'πλήρως εξυπηρετούμενο', 9000.00),
(98, 60, 'Τράπεζα Κύπρου', 'πλήρως εξυπηρετούμενο', 2769.00),
(99, 60, 'Πιστωτική Κάρτα VISA', NULL, 1400.00),
(100, 61, 'Τράπεζα Κύπρου', 'Δάνειο (από κοινού)', 83653.00),
(101, 61, 'U.S.B.', 'Δάνειο (overdraft)', 32000.00),
(102, 61, 'ALPHA BANK', 'Δάνειο', 7055.00),
(103, 61, 'ATROBANK', 'Δάνειο (από κοινού)', 13511.35),
(104, 62, 'EUROBANK CYPRUS LTD', NULL, 137059.00),
(105, 62, 'ALPHA BANK', NULL, 7678.04),
(106, 62, 'Χρεωστικό υπόλοιπο πρός Γεώργιος Κ Γεωργίου ΔΕΠΕ', NULL, 7283.00),
(107, 63, 'Ελληνική Τράπεζα', 'ακ. δάνειο', 38492.95),
(108, 63, 'Ελληνική Τράπεζα', 'Σπουδαστικά Δάνεια', 55411.05),
(109, 63, 'Φορέας Ίσων Κατ. Βαρών', 'Ιατροφαρμακ.', 8124.29),
(110, 63, 'Φορέας Ίσων Κατ. Βαρών', 'Ιατροφαρμακ.', 5813.63),
(111, 63, 'Φορέας Ίσων Κατ. Βαρών', 'Σπουδαστικά', 27339.31),
(112, 63, 'Φορέας Ίσων Κατ. Βαρών', 'Σπουδαστικά', 4053.39),
(113, 63, 'Πιστ. Κάρτα', NULL, 4300.00),
(114, 64, 'Ελληνική Τράπεζα', 'Σπουδαστικό Δάνειο', 45413.00),
(115, 64, 'Ελληνική Τράπεζα', 'Φοιτητικό Δάνειο', 17275.00),
(116, 64, 'Οργανισμός Χρηματοδοτήσεως Στέγης', 'Φοιτητικό Δάνειο', 22078.00),
(117, 64, 'Φορέας Ίσης Κ. Β.', 'Ιατροφαρμακευρικά', 4087.68),
(118, 64, 'Φορέας Ίσης Κ. Β.', 'Ιατροφαρμακευρικά', 1879.67),
(119, 64, 'Ελληνική Τράπεζα', 'Πιστοτική Καρτα', 3000.00),
(120, 65, 'Τράπεζα Κύπρου', NULL, 7507.67),
(121, 65, 'ΣΕΔΙΠΕΣ', NULL, 12297.74),
(122, 66, 'Τράπεζα Κύπρου', NULL, 10980.16),
(123, 66, 'ΣΕΔΙΠΕΣ', NULL, 12972.59),
(124, 67, 'Οργανισμός Χρηματοδοτήσεως Στέγης', NULL, 164000.00),
(125, 68, 'Οργανισμός Χρηματοδοτήσεως Στέγης', NULL, 140000.00),
(126, 69, NULL, NULL, NULL),
(127, 70, 'ΣΕΔΙΠΕΣ', NULL, 230215.00),
(128, 71, 'Συνοφειλέτες σε ενυπόθυκο δάνειο', NULL, 590000.00),
(129, 72, 'Τράπεζα Κύπρου', 'Δάνειο', 73500.00),
(130, 72, 'ALPHA BANK', 'Δάνειο', 9700.00),
(131, 73, 'Τράπεζα Κύπρου', 'Δάνειο', 36988.00),
(132, 73, 'ALPHA BANK', 'Δάνειο', 5500.00),
(133, 74, NULL, NULL, NULL),
(134, 75, 'Ελληνική Τράπεζα', 'Στεγαστικό δάνειο', 123942.00),
(135, 76, 'Ελληνική Τράπεζα', 'Στεγαστικό δάνειο', 117134.00),
(136, 77, 'Τράπεζα Κύπρου', 'Αναδιαρθρωμένο δάνειο', 50000.00),
(137, 77, 'ΚΕΔΙΠΕΣ', NULL, 18000.00),
(138, 78, 'Τράπεζα Κύπρου', 'Στεγαστικό δάνειο', 109351.00),
(139, 78, 'Τράπεζα Κύπρου', 'Δάνειο αγοράς οχήματος', 39649.00),
(140, 78, 'Τράπεζα Κύπρου', 'Καταναλωτικό Δάνειο', 3784.00),
(141, 79, 'Τράπεζα Κύπρου', NULL, 147912.00),
(142, 79, 'Ελληνική Τράπεζα', NULL, 19064.00),
(143, 80, 'Συνεργατισμός', NULL, 800000.00),
(144, 80, 'Τράπεζα Κύπρου', NULL, 206000.00),
(145, 80, 'Ελληνική Τράπεζα', NULL, 70000.00),
(146, 81, 'Πρώην Συνεργατισμός', NULL, 1200000.00),
(147, 81, 'Τράπεζα Κύπρου', NULL, 260000.00),
(148, 81, 'Ελληνική Τράπεζα', NULL, 90000.00),
(149, 81, 'Πρώην Συνεργατισμός', 'Ως εγγύηση', 1000000.00),
(150, 82, 'Ελληνική Τράπεζα', 'Στεγαστικό Δάνειο', 82.65),
(151, 82, 'Τράπεζα Κύπρου', 'Χρεωστική κλαρτα', 1876.00),
(152, 82, 'Τράπεζα Κύπρου', 'Πιστωτική κάρτα ', 5492.00),
(153, 82, 'Αλάσια κτηματική Α.Ε', 'ιδιοτηκό δάνειο', 80.00),
(154, 83, 'Οργανισμός Χρηματοδοτήσεως  Στέγασης ', 'Δάνειο σπουδών', 3303.00),
(155, 83, 'Ελληνική τράπεζα ', 'Στεγαστικό 50%', 239.00),
(156, 84, NULL, NULL, NULL),
(157, 85, NULL, NULL, NULL),
(158, 86, 'Τράπεζα κύπρου', 'Οικαστικό Δάνειο', 495000.00),
(159, 87, NULL, NULL, NULL),
(160, 88, NULL, NULL, NULL),
(161, 89, NULL, NULL, NULL),
(162, 90, 'BOC', NULL, 8314.00),
(163, 90, 'VISA', NULL, 208.00),
(164, 90, 'MASTER CARD', NULL, 319.00),
(165, 90, 'DANEW Ancoria', NULL, 19634.00),
(166, 91, NULL, NULL, NULL),
(167, 92, NULL, NULL, NULL),
(168, 93, 'Τράπεζα Κύπρου', NULL, 28000.00),
(169, 94, 'Τράπεζα Κύπρου', NULL, 28000.00),
(170, 95, NULL, NULL, NULL),
(171, 96, 'Ελληνική Τράπεζα', NULL, 6500.00),
(172, 97, NULL, NULL, NULL),
(173, 98, NULL, 'Δάνειο', 601.14),
(174, 99, NULL, NULL, NULL),
(175, 100, NULL, NULL, NULL),
(176, 101, 'Ελληνική Τράπεζα', NULL, 58534.00),
(177, 101, 'Άλφα', NULL, 1800.00),
(178, 102, 'Alpha Bank', NULL, 50990.00),
(179, 102, 'Ελληνική Τράπεζα', NULL, 1702.00);

-- --------------------------------------------------------

--
-- Table structure for table `declarations`
--

CREATE TABLE `declarations` (
  `id` int NOT NULL,
  `user_id` int DEFAULT NULL,
  `title` varchar(255) COLLATE utf8mb4_general_ci DEFAULT NULL,
  `bio_link` text COLLATE utf8mb4_general_ci,
  `image_url` text COLLATE utf8mb4_general_ci,
  `wikidata_id` varchar(50) COLLATE utf8mb4_general_ci DEFAULT NULL,
  `submission_date` date DEFAULT NULL,
  `submission_period_id` int DEFAULT NULL,
  `status` enum('Pending','Approved','Rejected') COLLATE utf8mb4_general_ci NOT NULL DEFAULT 'Pending'
) ENGINE=InnoDB DEFAULT CHARSET=utf8mb4 COLLATE=utf8mb4_general_ci;

--
-- Dumping data for table `declarations`
--

INSERT INTO `declarations` (`id`, `user_id`, `title`, `bio_link`, `image_url`, `wikidata_id`, `submission_date`, `submission_period_id`, `status`) VALUES
(1, NULL, 'Βασίλειος Δημητριάδης', NULL, NULL, NULL, '2025-04-28', 6, 'Approved'),
(2, NULL, 'Βασίλειος Δημητριάδης', NULL, NULL, NULL, '2025-04-28', 9, 'Approved'),
(3, NULL, 'Λίνος Παπαγιάννη', NULL, 'https://fcb-abj-pre.s3.amazonaws.com/img/jugadors/MESSI.jpg', NULL, '2025-04-28', 5, 'Approved'),
(4, NULL, 'Πέτρος Δημητρίου', NULL, NULL, NULL, '2025-04-28', 8, 'Approved'),
(5, NULL, 'Πέτρος Δημητρίου', NULL, NULL, NULL, '2025-04-28', 9, 'Approved'),
(6, NULL, 'Ελένη Θεοχάρους-Καριόλου', NULL, NULL, NULL, '2025-04-29', 5, 'Approved'),
(7, NULL, 'Νιαζί Κιζίλγιουρεκ', NULL, NULL, NULL, '2025-04-29', 5, 'Approved'),
(8, NULL, 'Νιαζί Κιζίλγιουρεκ', NULL, NULL, NULL, '2025-04-29', 8, 'Approved'),
(9, NULL, 'Νιαζί Κιζίλγιουρεκ', NULL, NULL, NULL, '2025-04-29', 10, 'Approved'),
(10, NULL, 'Παπαδάκης Δημήτρης ', NULL, NULL, NULL, '2025-04-29', 5, 'Approved'),
(11, NULL, 'Παπαδάκης Δημήτρης ', NULL, NULL, NULL, '2025-04-29', 8, 'Approved'),
(12, NULL, 'Παπαδάκης Δημήτρης ', NULL, NULL, NULL, '2025-04-29', 10, 'Approved'),
(13, NULL, 'Νεοκλής Συλικιώτης', NULL, NULL, NULL, '2025-04-29', 5, 'Approved'),
(14, NULL, 'Τάκης Χατζηγεωργίου', NULL, NULL, NULL, '2025-04-29', 5, 'Approved'),
(15, NULL, 'Κυριάκος Κόκκινος', NULL, NULL, NULL, '2025-04-29', 6, 'Approved'),
(16, NULL, 'Κυριάκος Κόκκινος', NULL, NULL, NULL, '2025-04-29', 9, 'Approved'),
(17, NULL, 'Κυριάκος Κούσιος', NULL, NULL, NULL, '2025-04-29', 8, 'Approved'),
(18, NULL, 'Σάββας Περδίος', NULL, NULL, NULL, '2025-04-29', 5, 'Approved'),
(19, NULL, 'Σάββας Περδίος', NULL, NULL, NULL, '2025-04-29', 7, 'Approved'),
(20, NULL, 'Σάββας Περδίος', NULL, NULL, NULL, '2025-04-29', 9, 'Approved'),
(21, NULL, 'Λίνος Παπαγιάννης', NULL, NULL, NULL, '2025-04-30', 10, 'Approved'),
(22, NULL, 'Λευτέρης Χριστόφορου ', NULL, NULL, NULL, '2025-04-30', 5, 'Approved'),
(23, NULL, 'Λευτέρης Χριστόφορου ', NULL, NULL, NULL, '2025-04-30', 8, 'Approved'),
(24, NULL, 'Λευτέρης Χριστόφορου ', NULL, NULL, NULL, '2025-04-30', 8, 'Approved'),
(25, NULL, 'Νικοδήμος Δαμιανού', NULL, NULL, NULL, '2025-04-30', 10, 'Approved'),
(26, NULL, 'Σταύρος Παπαδούρης', NULL, NULL, NULL, '2025-04-30', 7, 'Approved'),
(27, NULL, 'Μαριλένα Ευαγγέλου', NULL, NULL, NULL, '2025-04-30', 9, 'Approved'),
(28, NULL, 'Σταύρος Παπαδούρης', NULL, NULL, NULL, '2025-04-30', 10, 'Approved'),
(29, NULL, 'Ανδρέας Πασιουρτίδης', NULL, NULL, NULL, '2025-04-30', 5, 'Approved'),
(30, NULL, 'Νικόλας Α. Ιωαννίδης', NULL, NULL, NULL, '2025-04-30', 10, 'Approved'),
(31, NULL, 'Ανδρέας Πασιουρτίδης', NULL, NULL, NULL, '2025-04-30', 7, 'Approved'),
(33, NULL, 'Χρύσανθος Σαββίδης', NULL, NULL, NULL, '2025-04-30', 7, 'Approved'),
(34, NULL, 'Βασιλική Κασσιανίδου Παπασάββα', NULL, NULL, NULL, '2025-04-30', 9, 'Approved'),
(35, NULL, 'Χρύσανθος Σαββίδης', NULL, NULL, NULL, '2025-04-30', 10, 'Approved'),
(36, NULL, 'Κώστας Κουμή', NULL, NULL, NULL, '2025-04-30', 9, 'Approved'),
(37, NULL, 'Χρίστος Σενέκης', NULL, NULL, NULL, '2025-04-30', 7, 'Approved'),
(39, NULL, 'Μαρίνος Σιζόπουλος', NULL, NULL, NULL, '2025-04-30', 5, 'Approved'),
(40, NULL, 'Μαρίνος Σιζόπουλος', NULL, NULL, NULL, '2025-04-30', 7, 'Approved'),
(41, NULL, 'Μαρίνος Σιζόπουλος', NULL, NULL, NULL, '2025-04-30', 10, 'Approved'),
(42, NULL, 'Ρίτα Θεοδώρου Σούπερμαν', NULL, NULL, NULL, '2025-04-30', 7, 'Approved'),
(43, NULL, 'Ρίτα Θεοδώρου Σούπερμαν', NULL, NULL, NULL, '2025-04-30', 10, 'Approved'),
(44, NULL, 'Στέφανος Στεφάνου', NULL, NULL, NULL, '2025-04-30', 5, 'Approved'),
(45, NULL, 'Στέφανος Στεφάνου', NULL, NULL, NULL, '2025-04-30', 7, 'Approved'),
(46, NULL, 'Στέφανος Στεφάνου', NULL, NULL, NULL, '2025-04-30', 10, 'Approved'),
(48, NULL, 'Νίκος Συκάς', NULL, NULL, NULL, '2025-04-30', 10, 'Approved'),
(49, NULL, 'Γιάννης Τουμαζής', NULL, NULL, NULL, '2025-05-01', 8, 'Approved'),
(50, NULL, 'Γιάννης Τουμαζής', NULL, NULL, NULL, '2025-05-01', 9, 'Approved'),
(51, NULL, 'Μιχάλης Χατζηγιάννης', NULL, NULL, NULL, '2025-05-01', 9, 'Approved'),
(52, NULL, 'Φίλιππος Χατζηζαχαρίας', NULL, NULL, NULL, '2025-05-01', 9, 'Approved'),
(53, NULL, 'Φίλιππος Χατζηζαχαρίας', NULL, NULL, NULL, '2025-05-01', 10, 'Approved'),
(54, NULL, 'Νικόλαος Τορναρίτης', NULL, NULL, NULL, '2025-05-02', 7, 'Approved'),
(55, NULL, 'Νικόλαος Τορναρίτης', NULL, NULL, NULL, '2025-05-02', 10, 'Approved'),
(56, NULL, 'Νικόλαος Τορναρίτης', NULL, NULL, NULL, '2025-05-02', 5, 'Approved'),
(57, NULL, 'Άγγελος Βότσης', NULL, NULL, NULL, '2025-05-02', 5, 'Approved'),
(58, NULL, 'Άγγελος Βότσης', NULL, NULL, NULL, '2025-05-02', 7, 'Approved'),
(59, NULL, 'Ρούλα Γεωργιάδου', NULL, NULL, NULL, '2025-05-02', 6, 'Approved'),
(60, NULL, 'Ρούλα Γεωργιάδου', NULL, NULL, NULL, '2025-05-02', 7, 'Approved'),
(61, NULL, 'Γεώργιος Κ Γεωργίου', NULL, NULL, NULL, '2025-05-02', 5, 'Approved'),
(62, NULL, 'Γεώργιος Κ Γεωργίου', NULL, NULL, NULL, '2025-05-02', 7, 'Approved'),
(63, NULL, 'Γεωργίου Τ Γεώργιος', NULL, NULL, NULL, '2025-05-02', 5, 'Approved'),
(64, NULL, 'Γεωργίου Τ Γεώργιος', NULL, NULL, NULL, '2025-05-02', 7, 'Approved'),
(65, NULL, 'Ζαχαρίας Ζαχαρίου', NULL, NULL, NULL, '2025-05-02', 5, 'Approved'),
(66, NULL, 'Ζαχαρίας Ζαχαρίου', NULL, NULL, NULL, '2025-05-02', 7, 'Approved'),
(67, NULL, 'Άννα Θεολόγου', NULL, NULL, NULL, '2025-05-02', 5, 'Approved'),
(68, NULL, 'Άννα Θεολόγου', NULL, NULL, NULL, '2025-05-03', 7, 'Approved'),
(69, NULL, 'Σόλωνας Κασίνης', NULL, NULL, NULL, '2025-05-03', 5, 'Approved'),
(70, NULL, 'Σκεύη Κούτρα Κουκουμά', NULL, NULL, NULL, '2025-05-03', 5, 'Approved'),
(71, NULL, 'Σκεύη Κούτρα Κουκουμά', NULL, NULL, NULL, '2025-05-03', 7, 'Approved'),
(72, NULL, 'Ανδρέας Κυπριανού', NULL, NULL, NULL, '2025-05-03', 5, 'Approved'),
(73, NULL, 'Ανδρέας Κυπριανού', NULL, NULL, NULL, '2025-05-03', 7, 'Approved'),
(74, NULL, 'Στέλλα Κυριακίδου', NULL, NULL, NULL, '2025-05-03', 5, 'Approved'),
(75, NULL, 'Ξένια Κωνσταντίνου', NULL, NULL, NULL, '2025-05-03', 6, 'Approved'),
(76, NULL, 'Ξένια Κωνσταντίνου', NULL, NULL, NULL, '2025-05-03', 7, 'Approved'),
(77, NULL, 'Νίκος Συκάς', NULL, NULL, NULL, '2025-05-03', 7, 'Approved'),
(78, NULL, 'Χρίστος Σενέκης', NULL, NULL, NULL, '2025-05-03', 10, 'Approved'),
(79, NULL, 'Ανδρέας Πασιουρτίδης', NULL, NULL, NULL, '2025-05-03', 10, 'Approved'),
(80, NULL, 'Κώστας Κωνσταντίνου', NULL, NULL, NULL, '2025-05-03', 5, 'Approved'),
(81, NULL, 'Κώστας Κωνσταντίνου', NULL, NULL, NULL, '2025-05-03', 7, 'Approved'),
(82, NULL, 'Ειρήνη Πική', NULL, NULL, NULL, '2025-05-04', 9, 'Approved'),
(83, NULL, 'Μαριλένα Ραούνα', NULL, NULL, NULL, '2025-05-04', 10, 'Approved'),
(84, NULL, 'Μαρίνα Χατζημανόλη', NULL, NULL, NULL, '2025-05-04', 9, 'Approved'),
(85, NULL, 'Αναστασία Ανθούση', NULL, NULL, NULL, '2025-05-04', 7, 'Approved'),
(86, NULL, 'Αναστασία Ανθούση', NULL, NULL, NULL, '2025-05-04', 9, 'Approved'),
(87, NULL, 'Γιώργος Λιλλήκας', NULL, NULL, NULL, '2025-05-05', 5, 'Approved'),
(88, NULL, 'Γιώργος Λιλλήκας', NULL, NULL, NULL, '2025-05-05', 7, 'Approved'),
(89, NULL, 'Ελένη Μάυρου', NULL, NULL, NULL, '2025-05-06', 5, 'Approved'),
(90, NULL, 'Νίκος Νούρης', NULL, NULL, NULL, '2025-05-06', 5, 'Approved'),
(91, NULL, 'Γιώργος Περδίκης', NULL, NULL, NULL, '2025-05-06', 7, 'Approved'),
(92, NULL, 'Γιώργος Περδίκης', NULL, NULL, NULL, '2025-05-06', 5, 'Approved'),
(93, NULL, 'Χαράλαμπος Πιττοκοπίτης', NULL, NULL, NULL, '2025-05-06', 5, 'Approved'),
(94, NULL, 'Χαράλαμπος Πιττοκοπίτης', NULL, NULL, NULL, '2025-05-06', 7, 'Approved'),
(95, NULL, 'Γεώργιος Προκοπίου', NULL, NULL, NULL, '2025-05-06', 4, 'Approved'),
(96, NULL, 'Ευανθία Σάββα', NULL, NULL, NULL, '2025-05-06', 5, 'Approved'),
(97, NULL, 'Ευανθία Σάββα', NULL, NULL, NULL, '2025-05-06', 5, 'Approved'),
(98, NULL, 'Μιχάλης Σοφοκλέους', NULL, NULL, NULL, '2025-05-06', 7, 'Approved'),
(99, NULL, 'Ελένη Σταύρου', NULL, NULL, NULL, '2025-05-06', 5, 'Approved'),
(100, NULL, 'Ελένη Σταύρου', NULL, NULL, NULL, '2025-05-06', 7, 'Approved'),
(101, NULL, 'Ανδρέας Φακοντής', NULL, NULL, NULL, '2025-05-06', 5, 'Approved'),
(102, NULL, 'Ανδρέας Φακοντής', NULL, NULL, NULL, '2025-05-06', 7, 'Approved');

-- --------------------------------------------------------

--
-- Table structure for table `deposits`
--

CREATE TABLE `deposits` (
  `id` int NOT NULL,
  `declaration_id` int DEFAULT NULL,
  `bank_name` varchar(255) COLLATE utf8mb4_general_ci DEFAULT NULL,
  `amount` decimal(12,2) DEFAULT NULL
) ENGINE=InnoDB DEFAULT CHARSET=utf8mb4 COLLATE=utf8mb4_general_ci;

--
-- Dumping data for table `deposits`
--

INSERT INTO `deposits` (`id`, `declaration_id`, `bank_name`, `amount`) VALUES
(1, 1, 'ΤΡΑΠΕΖΑ ΚΥΠΡΟΥ ΛΤΔ', 64415.00),
(2, 1, 'ΕΛΛΗΝΙΚΗ ΤΡΑΠΕΖΑ ΛΤΔ', 9971.00),
(3, 1, 'ING BELGIUM SA', 29435.00),
(4, 2, 'ΤΡΑΠΕΖΑ ΚΥΠΡΟΥ ΛΤΔ', 67800.00),
(5, 2, 'ΤΡΑΠΕΖΑ ΚΥΠΡΟΥ ΛΤΔ', 18700.00),
(6, 2, 'ΤΡΑΠΕΖΑ ΚΥΠΡΟΥ ΛΤΔ', 64000.00),
(7, 2, 'ΕΛΛΗΝΙΚΗ ΤΡΑΠΕΖΑ ΛΤΔ', 10380.00),
(8, 2, 'ANCORIA BANK', 60000.00),
(9, 2, 'ING BELGIUM SA', 7900.00),
(10, 3, 'Alpha Bank ', 5304.00),
(11, 3, 'Alpha Bank ', 32788.00),
(12, 4, 'Τράπεζα Κύπρου', 3029.00),
(13, 4, 'Τράπεζα Κύπρου', 772.00),
(14, 4, 'Τράπεζα Κύπρου', 6000.00),
(15, 4, 'Τράπεζα Κύπρου', 3588.00),
(16, 5, 'Τράπεζα Κύπρου', 3029.00),
(17, 5, 'Τράπεζα Κύπρου', 4518.00),
(18, 5, 'Τράπεζα Κύπρου', 60.00),
(19, 5, 'Τράπεζα Κύπρου', 98006.00),
(20, 5, 'Τράπεζα Κύπρου', 10014.00),
(21, 5, 'Τράπεζα Κύπρου', 7015.00),
(22, 6, 'Τράπεζα Κύπρου', 80.00),
(23, 6, 'Ελληνική Τράπεζα ', 1000.00),
(24, 7, 'Τράπεζα Κύπρου', 30.00),
(25, 8, 'Τράπεζα Κύπρου', 100.00),
(26, 8, 'KBC Brussels', 200.00),
(27, 8, 'Tράπεζα Κύπρου', 1200.00),
(28, 9, 'Τράπεζα Κύπρου', 100.00),
(29, 9, 'KBC Brussels', 200.00),
(30, 10, 'Τράπεζα Κύπρου', 9517.00),
(31, 10, 'KBC', 119.00),
(32, 11, 'Τράπεζα Κύπρου', 21497.00),
(33, 11, 'KBC', 113664.00),
(34, 12, 'Τράπεζα Κύπρου', 12163.58),
(35, 12, 'KBC', 215.00),
(36, 12, 'ING', 29761.90),
(37, 13, 'Ελληνική Τράπεζα', 29.00),
(38, 13, 'KBC Brussels', 125.00),
(39, 14, 'Τράπεζα Κύπρου (κοινός λογαριασμός με σύζυγο)', 3500.00),
(40, 14, 'Τράπεζα Αλφα', 1.00),
(41, 14, 'KBC BANK (Βέλγιο)', 4.50),
(42, 15, 'Τράπεζα Κύπρου', 450000.00),
(43, 15, 'Eurobank', 100000.00),
(44, 15, 'Τράπεζα Κύπρου', 440000.00),
(45, 16, 'Τράπεζα Κύπρου', 116000.00),
(46, 16, 'Eurobank', 19900.00),
(47, 17, 'Τράπεζα Κύπρου', 5949.00),
(48, 17, 'Ελληνική Τράπεζα', 786.00),
(49, 17, 'Οργανισμός Χρηματοδότησεως', 1000.00),
(50, 17, 'Εξωτερικό', 35400.00),
(51, 18, 'Τράπεζα Κύπρου', 60000.00),
(52, 18, 'Τράπεζα Πειραιώς', 100000.00),
(53, 18, 'Barclays', 300000.00),
(54, 19, 'Τράπεζα Κύπρου', 40000.00),
(55, 19, 'Τράπεζα Κύπρου', 100000.00),
(56, 19, 'Barclays', 540000.00),
(57, 20, 'Τράπεζα Κύπρου', 220000.00),
(58, 20, 'Τράπεζα Κύπρου', 200000.00),
(59, 20, 'Eurobank', 290000.00),
(60, 21, 'Alpha Bank ', 1970.00),
(61, 21, 'Alpha Bank ', 735.00),
(62, 21, 'Alpha Bank', 14500.00),
(63, 22, 'Τράπεζα Κύπρου', 7472.00),
(64, 22, 'Τράπεζα Κύπρου', 7271.00),
(65, 22, 'KBC', 24198.00),
(66, 22, 'KBC', 123074.00),
(67, 23, 'Τράπεζα Κύπρου', 3689.00),
(68, 23, 'Τράπεζα Κύπρου', 48259.00),
(69, 23, 'KBC', 237984.00),
(70, 23, 'Eurobank', 10299.00),
(71, 23, 'KBC', 4172.00),
(72, 24, 'Τράπεζα Κύπρου', 2496.00),
(73, 24, 'Τράπεζα Κύπρου', 50143.00),
(74, 24, 'KBC', 233228.00),
(75, 24, 'Eurobank', 10299.00),
(76, 24, 'KBC', 4172.00),
(77, 25, 'Τράπεζα Κύπρου', 112.30),
(78, 25, 'Τράπεζα Κύπρου', 3.10),
(79, 25, 'Tράπεζα Κύπρου', 20.40),
(80, 25, 'Τράπεζα Κύπρου', 14.00),
(81, 25, 'Ελληνική Τράπεζα', 49.30),
(82, 25, 'Alpha Bank', 11.06),
(83, 26, 'Τράπεζα Κύπρου', 32971.00),
(84, 26, 'Ελληνική Τράπεζα', 12285.00),
(85, 27, 'Τράπεζα Κύπρου', 41.17),
(86, 27, 'Τράπεζα Κύπρου', 61.02),
(87, 27, 'Οργανισμός Χρηματοδοτησεώς Στέγης', 12.05),
(88, 27, 'Οργανισμός Χρηματοδοτησεώς Στέγης', 73093.00),
(89, 28, 'Τράπεζα Κύπρου', 66290.00),
(90, 28, 'Ελληνική Τράπεζα', 13900.00),
(91, 29, 'Ελληνική Τράπεζα', 5009.00),
(92, 30, 'Τράπεζα Κύπρου', 20.00),
(93, 30, 'Ελληνική Τράπεζα', 58.56),
(94, 30, 'Natωest', 0.00),
(95, 31, 'Ελληνική Τράπεζα', 2246.00),
(96, 31, 'Τράπεζα Κύπρου', 17115.00),
(99, 33, 'Τράπεζα Κύπρου', 12487.00),
(100, 33, 'Ελληνική Τράπεζα', 31566.00),
(101, 34, 'Τράπεζα Κύπρου', 156.41),
(102, 34, 'Τράπεζα Πηραιώς( Ελλάδα) κοινός λογαριασμός με σύζυγο', 1250.00),
(103, 35, 'Τράπεζα Κύπρου', 46178.00),
(104, 35, 'Ελληνική Τράπεζα', 31566.00),
(105, 36, 'Astro Bank', 41.51),
(106, 36, 'Τράπεζα Κύπρου', 14.90),
(107, 37, 'Ελληνική Τράπεζα', 16.00),
(108, 37, 'Τράπεζα Κύπρου', 121.00),
(109, 37, 'Τράπεζα Κύπρου', 2405.00),
(111, 39, 'Ελληνική Τράπεζα', 20000.00),
(112, 40, 'Ελληνική Τράπεζα', 80000.00),
(113, 41, 'Ελληνική Τράπεζα', 145000.00),
(114, 42, NULL, NULL),
(115, 43, 'Ελληνική Τράπεζα', 3000.00),
(116, 44, 'Συνεργατική Κυπριακή Τράπεζα', 20000.00),
(117, 45, 'Hellenic Bank', 20258.00),
(118, 46, 'Ελληνική Τράπεζα', 45031.00),
(120, 48, NULL, NULL),
(121, 49, 'Τράπεζα Κύπρου', 8340.00),
(122, 49, 'Τράπεζα Κύπρου', 1726.00),
(123, 49, 'Τράπεζα Κύπρου', 31653.00),
(124, 49, 'Τράπεζα Κύπρου', 19.00),
(125, 49, 'Ελληνική Τράπεζα', 270.00),
(126, 49, 'Ελληνική Τράπεζα', 31679.00),
(127, 49, 'CDB Bank', 10000.00),
(128, 49, 'BNP Baribas Fortis', 422.00),
(129, 49, 'BNP Baribas Fortis', 373.00),
(130, 49, 'BNP Baribas Fortis', 95057.00),
(131, 49, 'BNP Baribas Fortis', 45392.00),
(132, 49, 'Societe General ', 167.00),
(133, 49, 'Societe General ', 20563.00),
(134, 49, 'Societe General ', 6688.00),
(135, 49, 'Societe General ', 413.00),
(136, 50, 'Τράπεζα Κύπρου', 9723.00),
(137, 50, 'Τράπεζα Κύπρου', 1362.00),
(138, 50, 'Τράπεζα Κύπρου', 32708.00),
(139, 50, 'Τράπεζα Κύπρου', 78.00),
(140, 50, 'Ελληνική Τράπεζα', 482.00),
(141, 50, 'Ελληνική Τράπεζα', 31179.00),
(142, 50, 'CDB Bank', 10000.00),
(143, 50, 'BNP Baribas Fortis', 409.00),
(144, 50, 'BNP Baribas Fortis', 369.00),
(145, 50, 'BNP Baribas Fortis', 94745.00),
(146, 50, 'BNP Baribas Fortis', 44762.00),
(147, 50, 'Societe General ', 360.00),
(148, 50, 'Societe General ', 20846.00),
(149, 50, 'Societe General ', 5732.00),
(150, 50, 'Societe General ', 413.00),
(151, 51, 'Ελληνική Τράπεζα', 1572.00),
(152, 51, 'Τράπεζα Πειραιώς', 67252.00),
(153, 51, 'Eurobank', 4152.00),
(154, 51, 'EFG Bank', 201128.00),
(155, 51, 'Τράπεζα Κύπρου', 207812.00),
(156, 52, 'Ελληνική Τράπεζα', 7951.00),
(157, 53, 'Ελληνική Τράπεζα', 7156.00),
(158, 54, 'Τράπεζα Κύπρου', 343.00),
(159, 54, 'Alpha Bank ', 127.00),
(160, 55, 'Alpha Bank ', 127.00),
(161, 55, 'Τράπεζα Κύπρου', 11241.00),
(162, 56, 'Τράπεζα Κύπρου', 184.00),
(163, 56, 'Alpha Bank ', 9167.00),
(164, 57, 'ΤΡΑΠΕΖΑ ΚΥΠΡΟΥ', 52.03),
(165, 57, 'ΤΡΑΠΕΖΑ ΚΥΠΡΟΥ', 0.24),
(166, 58, 'Ελληνική Τράπεζα', 140967.45),
(167, 58, 'Ελληνική Τράπεζα', 138575.23),
(168, 58, 'Ελληνική Τράπεζα', 241640.70),
(169, 58, 'Ελληνική Τράπεζα', 35922.74),
(170, 58, 'Τράπεζα Κύπρου', 156.27),
(171, 58, 'Τράπεζα Κύπρου', 0.24),
(172, 58, 'Ελληνική Τράπεζα', 61366.49),
(173, 59, NULL, NULL),
(174, 60, 'Τράπεζα Κύπρου', 10000.00),
(175, 61, 'Ελληνική Τράπεζα', 104.84),
(176, 61, 'Τράπεζα Κύπρου', 2021.00),
(177, 62, 'Τράπεζα Κύπρου', 2338.00),
(178, 62, 'EUROBANK', 150.00),
(179, 63, NULL, 212.19),
(180, 64, NULL, NULL),
(181, 65, 'Ελληνική Τράπεζα', 214649.89),
(182, 65, 'Ελληνική Τράπεζα', 44987.17),
(183, 65, 'Τράπεζα Κύπρου', 4947.78),
(184, 66, 'Ελληνική Τράπεζα', 215382.00),
(185, 66, 'Ελληνική Τράπεζα', 19950.23),
(186, 66, 'Τράπεζα Κύπρου', 1065.23),
(187, 67, 'Ελληνική Τράπεζα', 4000.00),
(188, 68, 'Ελληνική Τράπεζα', 60000.00),
(189, 69, 'Alpha Bank', 26000.00),
(190, 69, 'Ελληνική Τράπεζα', 143000.00),
(191, 69, 'ΣΟΤΑΔΥΚ Ltd', 103000.00),
(192, 69, 'ΣΟΤΑΔΥΚ Ltd', 68259.47),
(193, 69, 'Περιφεριακή ΣΛΕ Λευκωσίας', 99000.00),
(194, 69, 'Συνεργατικό Ταμιευτήριο Δ.Υ. Λεμεσού', 65000.00),
(195, 69, 'ΣΛΕ Μακράσυμας Λάρνακας', 5000.00),
(196, 70, NULL, NULL),
(197, 71, NULL, NULL),
(198, 72, 'Alpha Bank', 1500.00),
(199, 72, 'Τράπεζα Κύπρου', 4500.00),
(200, 73, 'Alpha Bank', 600.00),
(201, 73, 'Τράπεζα Κύπρου', 171000.00),
(202, 74, 'Τράπεζα Κύπρου', 36000.00),
(203, 74, 'Astro Bank', 95000.00),
(204, 74, 'USB (Astro Bank)', 67000.00),
(205, 75, 'Ελληνική Τράπεζα', 26544.00),
(206, 76, 'Ελληνική Τράπεζα', 30000.00),
(207, 77, NULL, NULL),
(208, 78, 'Τράπεζα Κύπρου', 1064.00),
(209, 78, 'Τράπεζα Κύπρου', 100.00),
(210, 78, 'Ελληνική Τράπεζα', 103.00),
(211, 79, 'Ελληνική Τράπεζα', 6504.00),
(212, 79, 'Τράπεζα Κύπρου', 17046.00),
(213, 80, NULL, NULL),
(214, 81, NULL, NULL),
(215, 82, 'Eurobank', 149.93),
(216, 82, 'Eurobank', 138.59),
(217, 82, 'Cynergy bank UK', 75.17),
(218, 82, 'Cynergy bank UK', 75.17),
(219, 82, 'Ελληνική Τράπεζα', 472.00),
(220, 82, 'Τράπεζα Κύπρου', 9.18),
(221, 83, 'Ελληνική Τράπεζα', 8.00),
(222, 83, 'Τράπεζα Κύπρου', 76.65),
(223, 84, 'Τράπεζα Κύπρου', 132.09),
(224, 84, 'Εurobank', 200.35),
(225, 84, 'Alpha Bank', 100.20),
(226, 84, 'Hellenic Bank', 141.87),
(227, 84, 'Cynergy Bank UK', 108.08),
(228, 84, 'Alpha Bank', 40.76),
(229, 85, 'Ελληνική Τράπεζα', 50.84),
(230, 85, 'Ελληνική Τράπεζα', 40.04),
(231, 85, 'Ελληνική Τράπεζα', 17.59),
(232, 85, 'Ελληνική Τράπεζα', 7.95),
(233, 86, 'Ελληνική Τράπεζα', 50.85),
(234, 86, 'Ελληνική Τράπεζα', 40.05),
(235, 86, 'Ελληνική Τράπεζα', 69.39),
(236, 86, 'Ελληνική Τράπεζα', 3.11),
(237, 87, 'EUROBANK', 0.00),
(238, 88, 'EUROBANK', 26.41),
(239, 88, 'EUROBANK', 33.27),
(240, 88, 'EUROBANK', 0.00),
(241, 89, 'Τράπεζα Κύπρου', 2.66),
(242, 89, 'Εθνική Τράπεζα', 39.94),
(243, 89, 'ING', 69.62),
(244, 90, 'Τράπεζα Κύπρου', 27106.00),
(245, 90, 'Ancoria Bank', 29234.00),
(246, 91, 'Τράπεζα Κύπρου', 165590.00),
(247, 91, 'Τράπεζα Κύπρου', 10921.00),
(248, 91, 'Τράπεζα Κύπρου', 20082.00),
(249, 91, 'Τράπεζα Κύπρου', 55960.00),
(250, 91, 'Τράπεζα Κύπρου', 1000.00),
(251, 91, 'Τράπεζα Κύπρου', 614893.00),
(252, 92, 'Τράπεζα Κύπρου', 33174.00),
(253, 92, 'Τράπεζα Κύπρου', 20000.00),
(254, 92, 'Τράπεζα Κύπρου', 10225.00),
(255, 92, 'Τράπεζα Κύπρου', 55206.00),
(256, 93, NULL, NULL),
(257, 94, 'Ελληνική Τράπεζα', 77000.00),
(258, 95, 'Ελληνική Τράπεζα', 113.00),
(259, 95, 'Τράπεζα Κύπρου', 25687.00),
(260, 95, 'Οργανισμό Χρηματοδότησης Στέγης', 63526.00),
(261, 96, 'Ελληνική Τράπεζα', 11500.00),
(262, 97, 'Ελληνική Τράπεζα', 11500.00),
(263, 97, 'Ελληνική Τράπεζα', 76700.00),
(264, 98, 'Ελληνική Τράπεζα', 800.00),
(265, 98, 'Alpha Bank', 4057.00),
(266, 99, NULL, NULL),
(267, 100, NULL, NULL),
(268, 101, 'Ελληνική Τράπεζα', 2036.00),
(269, 101, 'Ελληνική Τράπεζα', 6705.00),
(270, 101, 'Άλφα', 8367.00),
(271, 101, 'Άλφα', 3385.00),
(272, 101, 'Άλφα', 16000.00),
(273, 102, 'Ελληνική Τράπεζα', 6705.00),
(274, 102, 'Alpha Bank', 8379.00),
(275, 102, 'Alpha Bank', 3385.00),
(276, 102, 'Alpha Bank', 16000.00);

-- --------------------------------------------------------

--
-- Table structure for table `differences`
--

CREATE TABLE `differences` (
  `id` int NOT NULL,
  `declaration_id` int DEFAULT NULL,
  `content` text COLLATE utf8mb4_general_ci
) ENGINE=InnoDB DEFAULT CHARSET=utf8mb4 COLLATE=utf8mb4_general_ci;

--
-- Dumping data for table `differences`
--

INSERT INTO `differences` (`id`, `declaration_id`, `content`) VALUES
(1, 1, ''),
(2, 2, 'Η μόνη διαφοροποίηση εντοπίζεται στην αγορά ενός μεταχειρισμένου\r\nαυτοκινήτου τον Φεβρουάριο του 2021 αξίας €8000'),
(3, 3, 'Καταθέσεις στην Alpha Bank, Δώρα γάμου 32,500 και πώληση οχημάτος\r\n'),
(4, 4, ''),
(5, 5, 'Καμία αλλαγή.'),
(6, 6, ''),
(7, 7, ''),
(8, 8, ''),
(9, 9, ''),
(10, 10, ''),
(11, 11, ''),
(12, 12, ''),
(13, 13, ''),
(14, 14, ''),
(15, 15, ''),
(16, 16, ''),
(17, 17, ''),
(18, 18, ''),
(19, 19, 'Α) Ταμείο Ξενοδοχουπαλλήλων (Προνοίας)\r\nΒ) Μισθοί και Επιδόματα Ταξιδιών απο το Κράτος\r\nΓ) Ανταλλαγή Ακίνητης και κινητής Ιδιοκτησίας\r\nΔ) Ελάχιστα Έξοδα Διαβίωσης'),
(20, 20, ''),
(21, 21, 'Πώληση Οχήματος Mercedes ML 2021 €17.000'),
(22, 22, ''),
(23, 23, ''),
(24, 24, ''),
(25, 25, ''),
(26, 26, ''),
(27, 27, ''),
(28, 28, 'Αύξηση Καταθέσεων απο €45,000(Δήλωση 2021) στις €79,000(Παρούσα δήλωση),πώληση καταστήματος στη γερμασόγια τιμή πώλησης €108,000(1/2 Μερίδιο), πώληση καταστήματος στην τουριστική περιοχή Κάτω Πάφου τιμή πώληση €65,000(37,5% μερίδιο), εξόφληση στεγαστικού δανείου €66,253(Δήλωση 2021)'),
(29, 29, ''),
(30, 30, ''),
(31, 31, 'Προσφυγική βοήθεια - €35.000'),
(33, 33, ''),
(34, 34, ''),
(35, 35, 'Η διαφοροποίηση εγκείται στο ότι οι γονείς μου που βρίσκονται σε προχωρημένη ηλικία, μου μεταβλιβασς περιουσία'),
(36, 36, ''),
(37, 37, ''),
(39, 39, 'Τα περουσιακά μου στοιχεία παραμένουν τα ίδια σε σχέση με την προηγούμενη δήλωση.'),
(40, 40, 'Δεν υπήρχε διαφοροποίηση των περουσιακών στοιχείων σε σχέση με την προηγούμενη δήλωση.'),
(41, 41, ''),
(42, 42, ''),
(43, 43, ''),
(44, 44, ''),
(45, 45, ''),
(46, 46, 'Αύξηση καταθέσεων κατά 24.773 ευρώ και μείωση δανεισμού κατά 19105 ευρώ λόγω αποταμιευσεων αποδοχών του βουλευτή και της συζύγου του'),
(48, 48, 'Πώληση οικογενειακών περιουσιακών στοιχείων για την αναδιάρθωση δανείων στη Τράπεζα Κύπρου(DFS)'),
(49, 49, ''),
(50, 50, ''),
(51, 51, ''),
(52, 52, ''),
(53, 53, 'Μηνιαίες Δόσεις'),
(54, 54, 'Καμία ουσιαστική διαφοροποίηση, εκτός των δανείων, ή και των καταθέσεων που προκύπτουν αλλαγές λόγω πληρωμών δόσεων.'),
(55, 55, 'Καμία ουσιαστική διαφοροποίηση, εκτός των δανείων, ή και των καταθέσεων που προκύπτουν αλλαγές λόγω πληρωμών δόσεων.'),
(56, 56, 'Καμία ουσιαστική διαφοροποίηση, εκτός των δανείων, ή και των καταθέσεων που προκύπτουν αλλαγές λόγω πληρωμών δόσεων.'),
(57, 57, 'Όποιες διαφοροποιήσεις αφορούν εισοδήματα από μισθούς, μερίσματα από Φαρμακείο και Κοινοβουλευτική.'),
(58, 58, 'Όποια διαφοροποίηση αφορά εισοδήματα από μισθούς, μερίσματα από το Φαρμακείο και εφ\' απαξ φιλοδώρημα για την υπηρεσία μου στο αξίωμα του Μέλους της Βουλής των Αντιπροσώπων'),
(59, 59, ''),
(60, 60, 'Μείωση χρέους Τρ. Κύπρου από 9000 ευρώ σε 2769 ευρώ\r\nΑύξηση ταμιευτικού λογαρ. Τρ. Κύπρου από 30 ευρώ σε 10000'),
(61, 61, 'Το δάνειο στο ΣΠΙ Μακράσυκας - Λάρνακας Αμμοχώστου (κοινό δάνειο) εξοφλήθηκε στις 31/12/2016\r\n\r\nΤο δάνειο στην U.S.B. εξοφλήθηκε στις 03/07/2017'),
(62, 62, '1. Το κοινό δάνειο από την Τράπεζα Κύπρου ύψους 83653 ευρώ που αναφερόταν στην προηγούμενη δήλωση μου ημερομηνίας 31/05//2019 εξοφλήθην στις 31/10/2019 δυνάμει δανείου από την EUROBANK\r\n\r\n2. Το δάνειο από την U.S.BANK ύψους 32000 ευρώ που αναφερόταν στην προηγούμενη δήλωση μου ημερομηνίας 31/05/2019 εξοφλήθην στις 31/10/2019 δυνάμει δανείου από την EUROBANK\r\n\r\n3. Το κοινό δάνειο από την ASTROBANK ύψους 13511.35 ευρώ που αναφερόταν στην προηγούμενη δήλωση μου ημερομηνίας 31/05/2019 εξοφλήθην στις 31/10/2019 δυνάμει δανείου από την EUROBANK\r\n\r\n4. Το I.X MERCEDES που αναφέρεται στην προηγούμενη δήλωση μου ημερομηνίας 31/05/2019 το μεταβίβασα δυνάμει δωρεάς στον υιό μου Νίκο Γεωργίου\r\n\r\n5. Οι 500 μετοχές που αναφέρονται στην Γεώργιος Κ Γεωργίου ΔΕΠΕ αυξήθηκαν σε 750 καθ\' ότι μου μεταβιβάστηκαν 250 μετοχές από την θυγατέρα μου\r\n\r\n6. το ποσό των καταθέσεων ύψους 104.84 ευρώ που κατήχα ατην Ελληνική Τράπεζα (Πρώην ΣΠΙ Μακράσυκας Λάρνακας - Αμμοχώστου ΛΤΔ) αναλήφυηκε και έκλησε ο λογαριασμός'),
(63, 63, ''),
(64, 64, ''),
(65, 65, ''),
(66, 66, ''),
(67, 67, 'Απόκτηση ιδιόκτητης κατοικίας με δανεισμό στις 29/01/2018\r\nΑπόκτηση κληρονομικών τεμαχίων από την μητέρα μου στις 22/08/2017\r\nΠώληση αυτοκινήτου 20000 ευρώ στις 08/09/2017'),
(68, 68, 'Καμία αλλαγή στα περιουσιακά στοιχεία από την δήλωση του 2019'),
(69, 69, ''),
(70, 70, ''),
(71, 71, ''),
(72, 72, 'Πώληση των ακίνητων της προηγούμενης δήλωσης και χρησιμοποίειση των μετρητών μαζί με άλλα περιουσιακά στοιχεία της συζύγου στα πλαίσια συμφωνίας εξόφλησης όλων των προσωπικών υποχρεώσεων δικών μου και της συζύγου αλλά και εξόφλησης των υποχρεώσεων της εταιρίας A. P. KYPRIANOU στο πλαίσιο συνολικής συμφωνίας. Στο πλαίσιο παράλληλης συμφονίας έγινε και παραχώρηση του 25% από τις μετοχές που είχα στην εταιρία A. P. KYPRIANOU.'),
(73, 73, 'Κατάθεση του εφάπαξ στον τρεχούμενο μου στην Τράπεζα Κύπρου και πληρωμή 30000 ευρώ στο δάνειο μου.\r\n(Για αυτό τον λόγο η αύξηση στο υπόλοιπο του τρχούμενου μου και η μείωση του υπολοίπου στο δάνειο μου)\r\nΠοσό του εφάπαξ που κατατέθηκε 211000 ευρώ (περίπου).'),
(74, 74, 'Εισόδημα από την πώληση περιουσιακού στοιχείου της A. Triantafyllides Estates Ltd'),
(75, 75, ''),
(76, 76, ''),
(77, 77, 'Πώληση οικογενειακών περουσιακών στοιχείων για την αναδιάρθωση δανείων στην Τράπεζα Κύπρου.'),
(78, 78, ''),
(79, 79, '1.Αγορά καινούριου αυτοκινήτου τον Μάρτιο του 2022- €37,500\r\n2.Αύξηση τρέχουσας αξίας της κατοικίας μου(από €270.300(όλο μερίδιο) την 1/01/2018 σε €280.000(όλο μερίδιο) την 1/01/2021 με βάση την Γενική Εκτίμηση του Κτηματολογίου)'),
(80, 80, ''),
(81, 81, ''),
(82, 82, ''),
(83, 83, ''),
(84, 84, ''),
(85, 85, ''),
(86, 86, ''),
(87, 87, 'Λόγω διαζυγίου, όλα τα χρέη που είχαν δηλωθεί. Το 2016 αναλήφθηκαν εξολοκλήρου από την πρώην σύζυγο μαζί με την περιουσία με τα εν λόγω χρέη.\r\n\r\nΤο χωράφι στη Μοσφιλωτή αποκτήθηκε στις 5/12/2018 με κόστος €130.000. Η αγορά χρηματοδοτήθηκε από πωλήσεις μετοχών στην Arch Capital Ltd, στις 01/11/2018 (€56.597) και στις 20/11/2018 (€195.189).\r\n\r\nΤο αυτοκίνητο αποκτήθηκε το 2018 με κόστος €103.000. Χρηματοδοτήθηκε από την πώληση του προηγούμενου αυτοκινήτου (€15.000), καθώς και μέσω δανείου που ξοφλήθηκε απο πώληση μετοχών.\r\n\r\nΟι μετοχές στην Arch Capital Ltd αποκτήθηκαν από μετατροπη του εισοδήματος μου από την Arch Capital Ltd. Περαιτέρω η μετοχή υποδιαιρέθηκε το 2018 δια τρία.'),
(88, 88, 'Αναγέρση κατοικίας με κόστος €350.000. Χρηματοδοτήθηκε από έσοδα που προέκυψαν από την πώληση μετοχών οποίες αναφέρονται στην παράγραφο.\r\n\r\nΔανεισμός προς την εταιρεία JACENDEN LIMITED €400.000. Χρηματοδοτήθηκε από έσοδα που προέκυψαν από την πώληση μετοχών οποίες αναφέρονται στην παράγραφο.\r\n\r\nΜετοχές σε δημόσιες εταιρείες. Πωλήθηκαν όλες οι μετοχές στην εταιρεία Arch Capital Group (β) και αγοράστηκαν νέες μετοχές οποίες αναφέρονται στην παράγραφο.'),
(89, 89, ''),
(90, 90, ''),
(91, 91, ''),
(92, 92, ''),
(93, 93, ''),
(94, 94, ''),
(95, 95, ''),
(96, 96, ''),
(97, 97, ''),
(98, 98, ''),
(99, 99, ''),
(100, 100, ''),
(101, 101, ''),
(102, 102, '');

-- --------------------------------------------------------

--
-- Table structure for table `insurance`
--

CREATE TABLE `insurance` (
  `id` int NOT NULL,
  `declaration_id` int DEFAULT NULL,
  `insurance_name` varchar(100) COLLATE utf8mb4_general_ci DEFAULT NULL,
  `contract_num` varchar(100) COLLATE utf8mb4_general_ci DEFAULT NULL,
  `earnings` decimal(10,2) DEFAULT NULL
) ENGINE=InnoDB DEFAULT CHARSET=utf8mb4 COLLATE=utf8mb4_general_ci;

--
-- Dumping data for table `insurance`
--

INSERT INTO `insurance` (`id`, `declaration_id`, `insurance_name`, `contract_num`, `earnings`) VALUES
(1, 1, 'UNIVERSAL LIFE', NULL, NULL),
(2, 2, 'UNIVERSAL LIFE', NULL, NULL),
(3, 3, NULL, NULL, NULL),
(4, 4, 'UNIVERSAL LIFE', NULL, NULL),
(5, 5, 'UNIVERSAL LIFE', NULL, NULL),
(6, 6, NULL, NULL, NULL),
(7, 7, 'Universal Life (ασφάλεια ζωής)', NULL, NULL),
(8, 8, 'Universal Life (ασφάλεια ζωής)', NULL, NULL),
(9, 9, 'Universal Life (ασφάλεια ζωής)', NULL, NULL),
(10, 10, 'Medical Eurolife ', NULL, NULL),
(11, 11, 'Eurolife ', 'Σπουδαστικό', NULL),
(12, 11, 'Eurolife ', 'Ζωής', NULL),
(13, 11, 'Universal Life', 'επενδυτικό', NULL),
(14, 12, 'Eurolife ', 'Σπουδαστικό', NULL),
(15, 12, 'Eurolife ', 'Ζωής', NULL),
(16, 12, 'Universal Life', 'επενδυτικό', NULL),
(17, 13, NULL, NULL, NULL),
(18, 14, NULL, NULL, NULL),
(19, 15, 'UNIVERSAL LIFE', NULL, 200000.00),
(20, 15, 'METLIFE', NULL, 370000.00),
(21, 15, 'METLIFE', NULL, 170861.00),
(22, 16, 'UNIVERSAL LIFE', NULL, 200000.00),
(23, 16, 'EUROLIFE', NULL, 170800.00),
(24, 16, 'METLIFE', NULL, 370000.00),
(25, 16, 'METLIFE', NULL, 85431.00),
(26, 16, 'CYPRIALIFE', NULL, 24000.00),
(27, 17, 'Hellenic Life', NULL, NULL),
(28, 17, 'Prime Insurance', NULL, NULL),
(29, 17, 'CNP', NULL, NULL),
(30, 17, 'Trust', NULL, NULL),
(31, 18, NULL, NULL, NULL),
(32, 19, NULL, NULL, NULL),
(33, 20, NULL, NULL, NULL),
(34, 21, 'Cyprialife', NULL, 20000.00),
(35, 21, 'Altius Insurane', NULL, NULL),
(36, 22, 'CNP CYPRIALIFE Ασφάλεια ζωής', 'Σπουδαστικό', NULL),
(37, 22, 'CNP CYPRIALIFE Ασφάλεια ατυχήματος ', NULL, NULL),
(38, 22, 'Universal Life', NULL, NULL),
(39, 23, 'CNP CYPRIALIFE Ασφάλεια ζωής', NULL, NULL),
(40, 24, 'CNP CYPRIALIFE Ασφάλεια ζωής', NULL, NULL),
(41, 25, 'Altius Insurance', NULL, 140.00),
(42, 26, 'Eurolife', NULL, 1075.00),
(43, 27, NULL, NULL, NULL),
(44, 28, 'Eurolife', NULL, 759.00),
(45, 29, 'Eurolife, Ασφάλεια Ζωής', NULL, 114000.00),
(46, 29, 'Eurolife', NULL, NULL),
(47, 30, NULL, NULL, NULL),
(48, 31, 'CNP CYPRIALIFE', NULL, 200000.00),
(49, 31, 'CNP CYPRIALIFE', NULL, 40000.00),
(50, 31, 'EUROLIFE', NULL, 76000.00),
(51, 31, 'EUROLIFE', NULL, 18000.00),
(52, 31, 'EUROLIFE', NULL, 114000.00),
(57, 33, NULL, NULL, NULL),
(58, 34, 'Eurolife ', 'Level Term Plan-Legacy', 0.00),
(59, 34, 'Eurolife ', 'Investment Plan-Legacy', 0.00),
(60, 34, 'Eurolife', 'Life Plan- Legacy', 0.00),
(61, 35, NULL, NULL, NULL),
(62, 36, 'Εθνικη Ασφαλιστική Κύπρου', 'Εξαργύρωση 14/2/23', NULL),
(63, 37, 'CNP CYPRIALIFE', NULL, NULL),
(65, 39, NULL, NULL, NULL),
(66, 40, NULL, NULL, NULL),
(67, 41, NULL, NULL, NULL),
(68, 42, NULL, NULL, NULL),
(69, 43, NULL, NULL, NULL),
(70, 44, NULL, NULL, NULL),
(71, 45, 'Hellenic Life', NULL, 47646.00),
(72, 46, 'Hellenic Life', NULL, 47646.00),
(74, 48, NULL, NULL, NULL),
(75, 49, NULL, NULL, NULL),
(76, 50, NULL, NULL, NULL),
(77, 51, NULL, NULL, NULL),
(78, 52, 'EUROLIFE', NULL, 200000.00),
(79, 52, 'EUROLIFE', NULL, 45000.00),
(80, 52, 'EUROLIFE', NULL, 50000.00),
(81, 52, 'HELLENIC-ALICO', NULL, 18853.00),
(82, 52, 'HELLENIC-ALICO', NULL, 12000.00),
(83, 52, 'HELLENIC-ALICO', NULL, 80000.00),
(84, 52, 'HELLENIC-ALICO', NULL, 106059.00),
(85, 52, 'HELLENIC-ALICO', NULL, 6003.00),
(86, 52, 'UNIVERSAL LIFE', NULL, 3000.00),
(87, 53, 'EUROLIFE', NULL, 200000.00),
(88, 53, 'EUROLIFE', NULL, 45000.00),
(89, 53, 'EUROLIFE', NULL, 50000.00),
(90, 53, 'HELLENIC-ALICO', NULL, 18853.00),
(91, 53, 'HELLENIC-ALICO', NULL, 12000.00),
(92, 53, 'HELLENIC-ALICO', NULL, 80000.00),
(93, 53, 'HELLENIC-ALICO', NULL, 106059.00),
(94, 53, 'HELLENIC-ALICO', NULL, 6003.00),
(95, 53, 'UNIVERSAL LIFE', NULL, 3000.00),
(96, 54, 'Universal Life', '41 10259448', 916.00),
(97, 55, 'Universal Life', NULL, NULL),
(98, 56, 'Universal Life', '41 10259448', 71630.00),
(99, 57, 'ΕΘΝΙΚΗ ΑΣΦΑΛΙΣΤΙΚΗ', NULL, NULL),
(100, 57, 'ΜΙΝΕΡΒΑ ΑΣΦΑΛΙΣΤΙΚΗ', 'ΕΠ 13422', 200.00),
(101, 58, 'Εθνική Ασφαλιστική', NULL, NULL),
(102, 58, 'Μινέρβα Ασφαλιστική', NULL, 78362.00),
(103, 59, NULL, NULL, NULL),
(104, 60, NULL, NULL, NULL),
(105, 61, NULL, NULL, NULL),
(106, 62, NULL, NULL, NULL),
(107, 63, 'Μινέρβα', 'ESP 25342', 170863.00),
(108, 64, 'Μινέρβα', 'FSP 25342', 170863.00),
(109, 65, 'CypriaLife', '00077528', 21422.64),
(110, 65, 'EuroLife', '0018635', 35923.48),
(111, 65, 'UniversalLife', '4220000271', NULL),
(112, 66, 'CypriaLife', '00077528', 26733.08),
(113, 66, 'EuroLife', '0018635', 47856.21),
(114, 66, 'UniversalLife', '4220000271', NULL),
(115, 67, 'CNP CypriaLife', '00280832', 2500.00),
(116, 67, 'CNP CypriaLife', '00280876', 2500.00),
(117, 68, 'CNP CypriaLife', '00280832', 9936.94),
(118, 68, 'CNP CypriaLife', '00280876', 3852.85),
(119, 69, 'ΣΟΤΑΔΥΚ', 'GC2021', NULL),
(120, 70, 'METLIFE ALICO', '10493853', NULL),
(121, 71, 'METLIFE ALICO', '10493853', NULL),
(122, 72, 'EuroLife', '25965', 50250.00),
(123, 72, 'EuroLife', '36729', 119603.00),
(124, 72, 'EuroLife', '254854', 100000.00),
(125, 73, 'EuroLife', '25965', 50250.00),
(126, 73, 'EuroLife', '36729', 119603.00),
(127, 73, 'EuroLife', '254854', 100000.00),
(128, 74, 'Universal Life Multicare', '4220000366', NULL),
(129, 74, 'MetLife', '1149337', 46132.00),
(130, 75, NULL, NULL, NULL),
(131, 76, NULL, NULL, NULL),
(132, 77, NULL, NULL, NULL),
(133, 78, 'CNP Ασφαλιστική', NULL, NULL),
(134, 79, 'CNP CYPRIALIFE', NULL, 200000.00),
(135, 79, 'CNP CYPRIALIFE', NULL, 40000.00),
(136, 79, 'EUROLIFE', NULL, 76000.00),
(137, 79, 'EUROLIFE', NULL, 18000.00),
(138, 79, 'EUROLIFE', NULL, 114000.00),
(139, 80, NULL, NULL, NULL),
(140, 81, NULL, NULL, NULL),
(141, 82, 'Eurolife ', 'Level Term Plan-Legacy', 0.00),
(142, 83, 'Παγκυπριακή ασφαλιστική', NULL, 0.00),
(143, 84, 'Minerva Insurance', NULL, 38.29),
(144, 85, 'Prime Insurance', 'IU 43091', 20000.00),
(145, 86, 'Prime Insurance', NULL, 20000.00),
(146, 86, 'Eurolife ', NULL, 250000.00),
(147, 87, 'CYPRIALIFE', '9111', 0.00),
(148, 87, 'CYPRIALIFE', '9112', 0.00),
(149, 87, 'CYPRIALIFE', '253332', 0.00),
(150, 88, 'CYPRIALIFE', '00888889', 0.00),
(151, 88, 'CYPRIALIFE', ' 00253332', NULL),
(152, 88, 'EUROLIFE', '0025336', NULL),
(153, 89, NULL, NULL, NULL),
(154, 90, 'Universal Life', '010680932', 25629.00),
(155, 90, 'Universal Life', '011301454', 51258.00),
(156, 90, 'Universal Life', '020029270', 32400.00),
(157, 90, 'Universal Life', '020029269', 19000.00),
(158, 91, NULL, NULL, NULL),
(159, 92, NULL, NULL, NULL),
(160, 93, NULL, NULL, NULL),
(161, 94, NULL, NULL, NULL),
(162, 95, NULL, NULL, NULL),
(163, 96, NULL, NULL, NULL),
(164, 97, NULL, NULL, NULL),
(165, 98, NULL, NULL, NULL),
(166, 99, NULL, NULL, NULL),
(167, 100, NULL, NULL, NULL),
(168, 101, NULL, NULL, NULL),
(169, 102, NULL, NULL, NULL);

-- --------------------------------------------------------

--
-- Table structure for table `liquid_assets`
--

CREATE TABLE `liquid_assets` (
  `id` int NOT NULL,
  `declaration_id` int DEFAULT NULL,
  `type` varchar(100) COLLATE utf8mb4_general_ci DEFAULT NULL,
  `description` text COLLATE utf8mb4_general_ci,
  `amount` text COLLATE utf8mb4_general_ci
) ENGINE=InnoDB DEFAULT CHARSET=utf8mb4 COLLATE=utf8mb4_general_ci;

--
-- Dumping data for table `liquid_assets`
--

INSERT INTO `liquid_assets` (`id`, `declaration_id`, `type`, `description`, `amount`) VALUES
(1, 1, NULL, NULL, NULL),
(2, 2, NULL, NULL, NULL),
(3, 3, NULL, NULL, NULL),
(4, 4, NULL, NULL, NULL),
(5, 5, NULL, NULL, '0'),
(6, 6, NULL, NULL, NULL),
(7, 7, NULL, NULL, NULL),
(8, 8, NULL, NULL, NULL),
(9, 9, NULL, NULL, NULL),
(10, 10, NULL, NULL, NULL),
(11, 11, NULL, NULL, NULL),
(12, 12, NULL, NULL, NULL),
(13, 13, 'Μετοχές', 'Ονομαστική αξία- 0.70 ευρώ', '763'),
(14, 14, NULL, NULL, NULL),
(15, 15, 'Μετοχές', 'Επένδυση σε Ξενοδοχείο στο Μαυροβούνιο (SHILO Company)', '100000'),
(16, 16, 'Μετοχές', 'SHILO Investments (hospitality Industry)', '100000'),
(17, 17, 'Μετοχές', 'Prochoice', '642833'),
(18, 18, NULL, NULL, NULL),
(19, 19, 'Μετοχές', 'Vorini Enterprises LTD', '29999'),
(20, 20, 'Μετοχές', 'Voroni Enterprises LTD', '29999'),
(21, 21, NULL, NULL, NULL),
(22, 22, NULL, NULL, NULL),
(23, 23, NULL, NULL, NULL),
(24, 24, NULL, NULL, NULL),
(25, 25, NULL, NULL, NULL),
(26, 26, 'Μετοχές', 'S Click Home LTD', '100'),
(27, 26, 'Μετοχές', 'Click Home LTD', '50'),
(28, 27, NULL, NULL, NULL),
(29, 28, NULL, NULL, NULL),
(30, 29, 'Μετοχές', '1000 Μετοχές €1 στην Θ.Ε.Π.Ε\r\n3.34 Μετοχές €1 στην P.L.P DPO Services LTD', NULL),
(31, 30, NULL, NULL, NULL),
(32, 31, 'Μετοχές', '1000 μετοχές αξίας €1 εκάστη στην εταιρία ΑΝΔΡΕΑΣ Σ. ΠΑΣΙΟΥΡΤΙΔΗΣ Δ.Ε.Π.Ε', NULL),
(33, 31, 'Μετοχές', '334 μετοχές αξίας €1 εκάστη στην εταιρία  P.L.P. DPO SERVICES LTD', NULL),
(36, 33, NULL, NULL, NULL),
(37, 34, NULL, NULL, NULL),
(38, 35, NULL, NULL, NULL),
(39, 36, NULL, NULL, NULL),
(40, 37, NULL, NULL, NULL),
(42, 39, NULL, NULL, NULL),
(43, 40, NULL, NULL, NULL),
(44, 41, NULL, NULL, NULL),
(45, 42, NULL, NULL, NULL),
(46, 43, NULL, NULL, NULL),
(47, 44, 'Μετοχές', 'Επενδυτική Δήμητρα ΛΤΔ', '263'),
(48, 45, 'Μετοχές', 'Επενδυτική εταιρία Δήμητρα ΛΤΔ', '263'),
(49, 46, 'Μετοχές', 'Επένδυτική Εταιρία Δήμητρα ΛΤΔ', '263'),
(51, 48, 'Μετοχές', 'CLARIDGE PUBLIC LTD', '1500'),
(52, 48, 'Μετοχές', 'LOUIS PLC', '1187'),
(53, 49, NULL, NULL, NULL),
(54, 50, NULL, NULL, NULL),
(55, 51, NULL, NULL, NULL),
(56, 52, 'Μερίσματα', '€30.018', '46'),
(57, 52, 'Μετοχές', 'Hellenic Bank Public Company Ltd', '177'),
(58, 52, 'Μετοχές', 'LCP HOLDINGS AND INVESTMENTS\r\nPUBLIC LTD', '6'),
(59, 53, 'Μερίσματα', 'οφειλόμενο ποσό που χρωστά η ιδιωτική εταιρεία PHS & PARTNERS LTD', NULL),
(60, 53, 'Μετοχές', 'Hellenic Bank Public Company Ltd', '177'),
(61, 53, 'Μετοχές', 'LCP HOLDINGS AND INVESTMENTS\r\nPUBLIC LTD', '6'),
(62, 54, 'Μετοχές', 'Cycladic Estates Company Ltd', '2550'),
(63, 54, 'Μετοχές', 'Chrysolakhourna Estates Co. Ltd', '333'),
(64, 55, 'Μετοχές', 'Cycladic Estates Company Ltd', '2550'),
(65, 55, 'Μετοχές', 'Chrysolakhourna Estates Co. Ltd', '333'),
(66, 56, 'Μετοχές', 'Cycladic Estates Company Ltd', '2550'),
(67, 56, 'Μετοχές', 'Chrysolakhourna Estates Co. Ltd', '333'),
(68, 57, 'Μετοχές', 'Αξία 1876.35 ευρώ', '1'),
(69, 58, 'Μετοχές', 'Αξίας 2150.98 (2/9/2021)', '1'),
(70, 58, 'Μερίσματα', 'Ενωμένα Φαρμακεία Κύπρου', '5'),
(71, 59, NULL, 'Ενοίκιο από την οικία 611 ευρώ μηνιαίως', NULL),
(72, 60, NULL, 'Ενοίκιο 611 ευρώ από οικία μηνιαίως', NULL),
(73, 61, 'Μετοχές', 'Δικηγορική εταιρία Γεώργιος Κ Γεωργίου ΔΕΠΕ', '500'),
(74, 61, NULL, '6000 ευρώ ετησίως από την άσκηση του Δικηγορικού μου επαγγέλματος πλέον 500 ευρώ 13ος μισθός ως Πρόεδρος της Δικηγορικής Εταιρίας Γεώργιος Κ Γεωργίου ΔΕΠΕ', '1'),
(75, 61, NULL, '550 ευρώ από το ενοίκιο του διαμερίσματος στην Ενορία Χρυσοπολίτισσας στην Λάρνακα', '1'),
(76, 61, NULL, '580.92 ευρώ Μηνιαίο επίδομα Οδοιπαρικών', '1'),
(77, 61, 'Τίτλοι', '3887.33 ευρώ Μηνιαία αντιμισθία Βουλευτή', '1'),
(78, 61, 'Τίτλοι', '2829 ευρώ 13ος μισθός ως Βουλευτής', '1'),
(79, 61, 'Μερίσματα', '13000 ευρώ μέρισμα οικονομικού έτους 2016 από Γεώργιος Κ Γεωργίου ΔΕΠΕ', '1'),
(80, 61, 'Μερίσματα', '126050 ευρώ μέρισμα οικονομικού έτους 2017 από Γεώργιος Κ Γεωργίου ΔΕΠΕ', '1'),
(81, 61, 'Μερίσματα', '155800 ευρώ μέρισμα οικονομικού έτους 2018 από Γεώργιος Κ Γεωργίου ΔΕΠΕ', '1'),
(82, 62, 'Μετοχές', 'Δικηγορική Εταιρία: Γεώργιος Κ Γεωργίου ΔΕΠΕ', '750'),
(83, 63, 'Μετοχές', 'Δήμητρα', '513'),
(84, 64, 'Μετοχές', 'Δήμητρα', '513'),
(85, 65, NULL, NULL, NULL),
(86, 66, NULL, NULL, NULL),
(87, 67, 'Μετοχές', 'BOC Holdings', '1'),
(88, 68, 'Μετοχές', 'LCID.NASDAQ αξία 5635.28', '331'),
(89, 68, 'Μετοχές', 'BOC Holdings', '1'),
(90, 69, 'Μετοχές', 'Μετοχικό Κεφάλαιο', '1200'),
(91, 69, 'Μετοχές', 'ΧΑΚ', '11917'),
(92, 70, 'Μετοχές', 'Εμπορική Εταιρεία ΕΜΟΡΑ ΛΤΔ, , 1.71 ευρώ', '1106'),
(93, 70, 'Μετοχές', 'Radiostage Co Ltd, 1.71 ευρώ', '10'),
(94, 71, NULL, NULL, NULL),
(95, 72, NULL, NULL, NULL),
(96, 73, NULL, NULL, NULL),
(97, 74, 'Χρεόγραφα', 'Bonds - Republic of Cyprus', '142000'),
(98, 74, 'Μετοχές', 'Bank of Cyprus', '6910'),
(99, 74, 'Μετοχές', 'DOD', '200000'),
(100, 74, 'Μετοχές', 'ERME', '10000'),
(101, 74, 'Μετοχές', 'FWW', '6230'),
(102, 74, 'Μετοχές', 'LUI', '70980'),
(103, 74, 'Μετοχές', 'PHL', '2000'),
(104, 74, 'Μετοχές', 'ETE', '1125'),
(105, 75, NULL, NULL, NULL),
(106, 76, NULL, NULL, NULL),
(107, 77, 'Μετοχές', 'Claridge Public Ltd', '1500'),
(108, 77, 'Μετοχές', 'Louis PLC', '1187'),
(109, 77, 'Μετοχές', 'Λαική Επένδυση', '5000'),
(110, 78, NULL, NULL, NULL),
(111, 79, 'Μετοχές', '1000 μετοχές ονομαστικής αξίας €1 εκάστη στην εταιρεία ΑΝΔΡΕΑΣ Σ. ΠΑΣΙΟΥΡΤΙΔΗΣ Δ.Ε.Π.Ε', '1000'),
(112, 79, 'Μετοχές', '334 μετοχές ονομαστικής αξίας €1 εκάστη στην εταιρεία P.L.P. DPO SERVICES LTD', '334'),
(113, 80, 'Μετοχές', 'ΣΟΔΑΠ ΛΤΔ', '10'),
(114, 80, 'Μετοχές', 'Marketrends Financial Services', '20000'),
(115, 81, 'Μετοχές', 'ΣΟΔΑΠ ΛΤΔ', '10'),
(116, 81, 'Μετοχές', 'Marketrends Financial Services', '20000'),
(117, 82, 'Χρεόγραφα', '6ΕΤΗ ομόλογο κυπριακής δημοκρατίας 2η σειρά Φεβρουάριος 2019-2025', '1'),
(118, 83, NULL, NULL, NULL),
(119, 84, NULL, NULL, NULL),
(120, 85, NULL, NULL, NULL),
(121, 86, NULL, NULL, NULL),
(122, 87, 'Μετοχές', 'Arch. Capital Ltd.', '47.626'),
(123, 88, 'Μετοχές', ' JACENDEN LIMITED', '800'),
(124, 88, 'Μετοχές', 'Arch Capital Group Ltd', '475'),
(125, 88, 'Μετοχές', 'Tempur Sealy International', '562'),
(126, 88, 'Μετοχές', 'Ultra Clean Holdings Inc', '109'),
(127, 89, 'Μετοχές', 'Radiostage Co. Ltd', '5'),
(128, 89, 'Μετοχές', 'Demetra Investment Co. Ltd', '513'),
(129, 90, 'Μετοχές', 'Filypolla Estates Ltd. ', '10'),
(130, 91, NULL, NULL, NULL),
(131, 92, NULL, NULL, NULL),
(132, 93, NULL, NULL, NULL),
(133, 94, 'Μετοχές', 'CLR INVESTMENT FUND PUBLIC ', '88'),
(134, 94, 'Μετοχές', 'LCP HOLDINGS AND INVESTMENTS', '13'),
(135, 94, 'Μετοχές', 'LOUIS PLC', '451'),
(136, 95, NULL, NULL, NULL),
(137, 96, NULL, NULL, NULL),
(138, 97, NULL, NULL, NULL),
(139, 98, 'Μετοχές', 'ATLANTIC INSURANCE', '250'),
(140, 98, 'Μετοχές', 'CH CHARILIOU', '550'),
(141, 98, 'Μετοχές', 'DEMETRA EPENAY', '200'),
(142, 98, 'Μετοχές', 'HALLOUPAS PAPC', '385'),
(143, 98, 'Μετοχές', 'PANAGIA EPIKAI', '0'),
(144, 98, 'Μετοχές', 'SALAMIS TOURS', '2200'),
(145, 99, NULL, NULL, NULL),
(146, 100, NULL, NULL, NULL),
(147, 101, 'Μετοχές', 'ESAP', '250'),
(148, 102, 'Μετοχές', 'Τράπεζα Κύπρου', NULL);

-- --------------------------------------------------------

--
-- Table structure for table `parties`
--

CREATE TABLE `parties` (
  `id` int NOT NULL,
  `name` varchar(255) COLLATE utf8mb4_general_ci NOT NULL
) ENGINE=InnoDB DEFAULT CHARSET=utf8mb4 COLLATE=utf8mb4_general_ci;

--
-- Dumping data for table `parties`
--

INSERT INTO `parties` (`id`, `name`) VALUES
(2, 'Α.Κ.Ε.Λ. - Αριστερά-Νέες Δυνάμεις'),
(9, 'Άλλο'),
(8, 'Ανεξάρτητοι'),
(3, 'ΔΗ.ΚΟ. - Δημοκρατικό Κόμμα'),
(6, 'ΔΗ.ΠΑ. - Συνεργασία - Δημοκρατική Παράταξη - Συνεργασία Δημοκρατικών Δυνάμεων'),
(1, 'ΔΗ.ΣΥ. - Δημοκρατικός Συναγερμός'),
(4, 'Ε.ΛΑ.Μ. - Εθνικό Λαϊκό Μέτωπο'),
(5, 'ΕΔΕΚ Σοσιαλιστικό Κόμμα'),
(7, 'Κίνημα Οικολόγων - Συνεργασία Πολιτών');

-- --------------------------------------------------------

--
-- Table structure for table `personal_data`
--

CREATE TABLE `personal_data` (
  `id` int NOT NULL,
  `declaration_id` int DEFAULT NULL,
  `full_name` varchar(255) COLLATE utf8mb4_general_ci DEFAULT NULL,
  `office` varchar(255) COLLATE utf8mb4_general_ci DEFAULT NULL,
  `address` text COLLATE utf8mb4_general_ci,
  `dob` date DEFAULT NULL,
  `id_number` varchar(30) COLLATE utf8mb4_general_ci DEFAULT NULL,
  `marital_status` varchar(50) COLLATE utf8mb4_general_ci DEFAULT NULL,
  `dependants` int DEFAULT NULL,
  `party_id` int DEFAULT NULL
) ENGINE=InnoDB DEFAULT CHARSET=utf8mb4 COLLATE=utf8mb4_general_ci;

--
-- Dumping data for table `personal_data`
--

INSERT INTO `personal_data` (`id`, `declaration_id`, `full_name`, `office`, `address`, `dob`, `id_number`, `marital_status`, `dependants`, `party_id`) VALUES
(1, 1, 'Βασίλειος Δημητριάδης', 'Τέως Υφυπουργοί', '', NULL, '', 'Έγγαμος/η', 2, NULL),
(2, 2, 'Βασίλειος Δημητριάδης', 'Τέως Υφυπουργοί', '', NULL, '', 'Έγγαμος/η', 2, NULL),
(3, 3, 'Λίνος Παπαγιάννη', 'Βουλευτές', '', '1988-06-27', '', 'Έγγαμος/η', 0, 4),
(4, 4, 'Πέτρος Δημητρίου', 'Τέως Υφυπουργοί', '', '1985-04-18', '', 'Έγγαμος/η', 2, 1),
(5, 5, 'Πέτρος Δημητρίου', 'Τέως Υφυπουργοί', '', '1985-04-18', '', 'Έγγαμος/η', 2, 1),
(6, 6, 'Ελένη Θεοχάρους-Καριόλου', 'Τέως Ευρωβουλευτές', '', NULL, '', 'Άλλο', NULL, NULL),
(7, 7, 'Νιαζί Κιζίλγιουρεκ', 'Ευρωβουλευτές', 'Λευκωσία ', NULL, '', 'Διαζευγμένος/η', 2, 2),
(8, 8, 'Νιαζί Κιζίλγιουρεκ', 'Ευρωβουλευτές', 'Λευκωσία', NULL, '', 'Διαζευγμένος/η', 1, 2),
(9, 9, 'Νιαζί Κιζίλγιουρεκ', 'Ευρωβουλευτές', 'Λευκωσία', '1959-12-07', '', 'Διαζευγμένος/η', NULL, 2),
(10, 10, 'Παπαδάκης Δημήτρης ', 'Ευρωβουλευτές', 'Λευκωσία', NULL, '', 'Διαζευγμένος/η', NULL, 5),
(11, 11, 'Παπαδάκης Δημήτρης ', 'Ευρωβουλευτές', 'Λευκωσία', NULL, '', 'Διαζευγμένος/η', NULL, NULL),
(12, 12, 'Παπαδάκης Δημήτρης ', 'Τέως Ευρωβουλευτές', 'Λευκωσία', '1966-08-22', '', 'Διαζευγμένος/η', NULL, 5),
(13, 13, 'Νεοκλής Συλικιώτης', 'Τέως Ευρωβουλευτές', 'Λευκωσία', NULL, '', 'Έγγαμος/η', NULL, NULL),
(14, 14, 'Τάκης Χατζηγεωργίου', 'Ευρωβουλευτές', '', NULL, '', 'Έγγαμος/η', NULL, NULL),
(15, 15, 'Κυριάκος Κόκκινος', 'Τέως Υφυπουργοί', '', NULL, '', 'Έγγαμος/η', NULL, NULL),
(16, 16, 'Κυριάκος Κόκκινος', 'Τέως Υφυπουργοί', '', NULL, '', 'Έγγαμος/η', NULL, NULL),
(17, 17, 'Κυριάκος Κούσιος', 'Τέως Υφυπουργοί', 'Στρόβολος', NULL, '', 'Έγγαμος/η', NULL, NULL),
(18, 18, 'Σάββας Περδίος', 'Τέως Υφυπουργοί', 'Στρόβολος, Λευκωσία', NULL, '', 'Άγαμος/η', NULL, NULL),
(19, 19, 'Σάββας Περδίος', 'Τέως Υφυπουργοί', 'Στρόβολος, Λευκωσία', NULL, '', 'Άγαμος/η', NULL, NULL),
(20, 20, 'Σάββας Περδίος', 'Τέως Υφυπουργοί', 'Στρόβολος, Λευκωσία', NULL, '', 'Άγαμος/η', NULL, NULL),
(21, 21, 'Λίνος Παπαγιάννης', 'Βουλευτές', '', '1988-06-27', '', 'Έγγαμος/η', 2, 4),
(22, 22, 'Λευτέρης Χριστόφορου ', 'Ευρωβουλευτές', 'Λάρνακα', NULL, '', 'Έγγαμος/η', NULL, NULL),
(23, 23, 'Λευτέρης Χριστόφορου ', 'Ευρωβουλευτές', 'Λάρνακα - Ξυλοφάγου', NULL, '', 'Έγγαμος/η', NULL, 1),
(24, 24, 'Λευτέρης Χριστόφορου ', 'Ευρωβουλευτές', 'Λάρνακα - Ξυλοφάγου', NULL, '', 'Έγγαμος/η', NULL, 1),
(25, 25, 'Νικοδήμος Δαμιανού', 'Υφυπουργοί', '', NULL, '', 'Έγγαμος/η', 2, 3),
(26, 26, 'Σταύρος Παπαδούρης', 'Βουλευτές', 'Λεμεσός', '1974-01-08', '', 'Άγαμος/η', NULL, 7),
(27, 27, 'Μαριλένα Ευαγγέλου', 'Υφυπουργοί', 'Λευκωσία - Στρόβολος', NULL, '', 'Έγγαμος/η', 2, 8),
(28, 28, 'Σταύρος Παπαδούρης', 'Βουλευτές', 'Λεμεσός', '1974-01-08', '', 'Άγαμος/η', NULL, 7),
(29, 29, 'Ανδρέας Πασιουρτίδης', 'Βουλευτές', '', NULL, '', 'Έγγαμος/η', 1, 2),
(30, 30, 'Νικόλας Α. Ιωαννίδης', 'Υφυπουργοί', 'Λευκωσία', '1985-11-01', '', 'Άγαμος/η', NULL, 8),
(31, 31, 'Ανδρέας Πασιουρτίδης', 'Βουλευτές', 'Λάρνακα', '1984-11-25', '', 'Έγγαμος/η', 2, 2),
(33, 33, 'Χρύσανθος Σαββίδης', 'Βουλευτές', '', '1971-12-06', '', 'Έγγαμος/η', 2, 3),
(34, 34, 'Βασιλική Κασσιανίδου Παπασάββα', 'Υφυπουργοί', '', NULL, '', 'Έγγαμος/η', 2, 3),
(35, 35, 'Χρύσανθος Σαββίδης', 'Βουλευτές', 'Πάφος, 8020', '1971-12-06', '', 'Έγγαμος/η', 2, 3),
(36, 36, 'Κώστας Κουμή', 'Υφυπουργοί', 'Παραλίμνη- Κύπρος', NULL, '', 'Έγγαμος/η', 1, 8),
(37, 37, 'Χρίστος Σενέκης', 'Βουλευτές', '', '1977-10-06', '', 'Έγγαμος/η', NULL, 3),
(39, 39, 'Μαρίνος Σιζόπουλος', 'Βουλευτές', '', '1957-07-17', '', 'Έγγαμος/η', NULL, 5),
(40, 40, 'Μαρίνος Σιζόπουλος', 'Βουλευτές', '', '1957-07-17', '', 'Έγγαμος/η', NULL, 5),
(41, 41, 'Μαρίνος Σιζόπουλος', 'Βουλευτές', 'Λεμεσός 3025', '1957-07-17', '', 'Έγγαμος/η', NULL, 5),
(42, 42, 'Ρίτα Θεοδώρου Σούπερμαν', 'Βουλευτές', '', '1966-12-23', '', 'Έγγαμος/η', NULL, 1),
(43, 43, 'Ρίτα Θεοδώρου Σούπερμαν', 'Βουλευτές', '', '1966-12-23', '', 'Έγγαμος/η', NULL, 1),
(44, 44, 'Στέφανος Στεφάνου', 'Βουλευτές', '', '1965-01-21', '', 'Έγγαμος/η', NULL, 2),
(45, 45, 'Στέφανος Στεφάνου', 'Βουλευτές', '', '1961-01-01', '', 'Έγγαμος/η', NULL, 2),
(46, 46, 'Στέφανος Στεφάνου', 'Βουλευτές', '', '1965-01-21', '', 'Έγγαμος/η', NULL, 2),
(48, 48, 'Νίκος Συκάς', 'Βουλευτές', '', '1966-03-27', '', 'Διαζευγμένος/η', NULL, 1),
(49, 49, 'Γιάννης Τουμαζής', 'Υφυπουργοί', '', NULL, '', 'Άλλο', NULL, NULL),
(50, 50, 'Γιάννης Τουμαζής', 'Υφυπουργοί', '', NULL, '', 'Άλλο', NULL, NULL),
(51, 51, 'Μιχάλης Χατζηγιάννης', 'Υφυπουργοί', 'Αγλαντζία', NULL, '', 'Άγαμος/η', NULL, NULL),
(52, 52, 'Φίλιππος Χατζηζαχαρίας', 'Υφυπουργοί', 'Λάρνακα', NULL, '', 'Έγγαμος/η', 2, NULL),
(53, 53, 'Φίλιππος Χατζηζαχαρίας', 'Υφυπουργοί', 'Λάρνακα', NULL, '', 'Έγγαμος/η', 2, NULL),
(54, 54, 'Νικόλαος Τορναρίτης', 'Βουλευτές', 'Λευκωσία', '1964-12-06', '', 'Έγγαμος/η', NULL, 1),
(55, 55, 'Νικόλαος Τορναρίτης', 'Βουλευτές', '', '1964-12-06', '', 'Έγγαμος/η', NULL, 1),
(56, 56, 'Νικόλαος Τορναρίτης', 'Βουλευτές', 'Λευκωσία', '1964-12-06', '', 'Έγγαμος/η', NULL, 1),
(57, 57, 'Άγγελος Βότσης', 'Βουλευτές', 'Δωδεκανήσου 19, 3021 Λεμεσός', '1963-10-01', 'x', 'Έγγαμος/η', NULL, 3),
(58, 58, 'Άγγελος Βότσης', 'Τέως Βουλευτές', 'Δωδεκανήσου 19, 3021 Λεμεσός', '1963-10-01', 'x', 'Έγγαμος/η', NULL, 3),
(59, 59, 'Ρούλα Γεωργιάδου', 'Βουλευτές', '', '1958-08-25', '', 'Διαζευγμένος/η', NULL, 9),
(60, 60, 'Ρούλα Γεωργιάδου', 'Τέως Βουλευτές', '', '1958-08-25', '', 'Διαζευγμένος/η', NULL, 9),
(61, 61, 'Γεώργιος Κ Γεωργίου', 'Βουλευτές', 'Λάρνακα', '1957-10-09', '', 'Έγγαμος/η', NULL, 1),
(62, 62, 'Γεώργιος Κ Γεωργίου', 'Τέως Βουλευτές', 'Λάρνακα', '1957-10-09', '', 'Έγγαμος/η', NULL, 1),
(63, 63, 'Γεωργίου Τ Γεώργιος', 'Βουλευτές', 'Κώστα Παρτασίδη 1, 3030 Λεμεσός', '1961-06-26', '', 'Έγγαμος/η', 1, 2),
(64, 64, 'Γεωργίου Τ Γεώργιος', 'Βουλευτές', 'Κώστα Παρτασίδη 1, 3030 Λεμεσός', '1961-06-26', '', 'Έγγαμος/η', 1, 2),
(65, 65, 'Ζαχαρίας Ζαχαρίου', 'Βουλευτές', 'Γλάδστωνος 27, Σοφιάνα Κωρτ, 6023 Λάρνακα', '1963-12-13', '', 'Έγγαμος/η', 1, 1),
(66, 66, 'Ζαχαρίας Ζαχαρίου', 'Βουλευτές', 'Γλάδστωνος 27, Σοφιάνα Κωρτ, 6023 Λάρνακα', '1963-12-13', '', 'Έγγαμος/η', 1, 1),
(67, 67, 'Άννα Θεολόγου', 'Βουλευτές', 'Λεωφόρος Λεμεσού 138, 3ος όροφος, Γραφείο 204, 2015 Στρόβολος, Λευκωσία', '1986-03-12', '', 'Άγαμος/η', 1, 8),
(68, 68, 'Άννα Θεολόγου', 'Τέως Βουλευτές', 'Λεωφόρος Λεμεσού 138, 3ος όροφος, Γραφείο 204, 2015 Στρόβολος', '1986-03-12', '', 'Άγαμος/η', 1, 8),
(69, 69, 'Σόλωνας Κασίνης', 'Βουλευτές', 'Λεωφόρος Κέννεντυ 12, Γραφείο 502, 1087 Λευκωσία', '1952-04-15', '', 'Έγγαμος/η', NULL, 1),
(70, 70, 'Σκεύη Κούτρα Κουκουμά', 'Βουλευτές', 'Τιτάνων 8, 6047 Λάρνακα', '1954-07-18', '', 'Έγγαμος/η', NULL, 2),
(71, 71, 'Σκεύη Κούτρα Κουκουμά', 'Τέως Βουλευτές', 'Τιτάνων 8, 6047 Λάρνακα', '1954-07-18', '', 'Έγγαμος/η', NULL, 2),
(72, 72, 'Ανδρέας Κυπριανού', 'Βουλευτές', 'Αρχιεπισκόπου Μακαρίου και Νίκου Γκύζη 2, 3060 Λεμεσός', '1962-04-30', '', 'Έγγαμος/η', NULL, 1),
(73, 73, 'Ανδρέας Κυπριανού', 'Τέως Βουλευτές', 'Αρχιεπισκόπου Μακαρίου και Νίκου Γκύζη 2, 3060 Λεμεσός', '1962-04-30', '', 'Έγγαμος/η', NULL, 1),
(74, 74, 'Στέλλα Κυριακίδου', 'Βουλευτές', 'Λευκωσία', '1956-03-10', '', 'Έγγαμος/η', NULL, 1),
(75, 75, 'Ξένια Κωνσταντίνου', 'Βουλευτές', 'Λευκωσία', '1979-02-25', '', 'Άλλο', 1, 1),
(76, 76, 'Ξένια Κωνσταντίνου', 'Τέως Βουλευτές', 'Λευκωσία', '1979-02-25', '', 'Άλλο', 1, 1),
(77, 77, 'Νίκος Συκάς', 'Βουλευτές', '', '1966-03-27', '', 'Διαζευγμένος/η', NULL, 1),
(78, 78, 'Χρίστος Σενέκης', 'Βουλευτές', '7080, Πύλα, Λάρνακα', '1977-10-06', '', 'Έγγαμος/η', NULL, 3),
(79, 79, 'Ανδρέας Πασιουρτίδης', 'Βουλευτές', 'Λάρνακα', '1984-11-25', '', 'Έγγαμος/η', 2, 2),
(80, 80, 'Κώστας Κωνσταντίνου', 'Βουλευτές', 'Τ.Θ. 60240, 8100 Πάφος', '1957-03-23', '', 'Έγγαμος/η', NULL, 1),
(81, 81, 'Κώστας Κωνσταντίνου', 'Τέως Βουλευτές', 'Τ.Θ. 60240, 8100 Πάφος', '1957-03-23', '', 'Έγγαμος/η', NULL, 1),
(82, 82, 'Ειρήνη Πική', 'Υφυπουργοί', 'Λευκωσία - Στρόβολος', NULL, '', 'Έγγαμος/η', 1, 8),
(83, 83, 'Μαριλένα Ραούνα', 'Υφυπουργοί', 'Λευκωσία', '1983-11-25', '', 'Έγγαμος/η', 2, 8),
(84, 84, 'Μαρίνα Χατζημανόλη', 'Υφυπουργοί', 'Λεμεσός', NULL, '', 'Άλλο', 2, 1),
(85, 85, 'Αναστασία Ανθούση', 'Υφυπουργοί', '', NULL, '', 'Άγαμος/η', NULL, 1),
(86, 86, 'Αναστασία Ανθούση', 'Τέως Υφυπουργοί', '', NULL, '', 'Άγαμος/η', NULL, 1),
(87, 87, 'Γιώργος Λιλλήκας', 'Τέως Βουλευτές', 'Λευκωσία', '1960-01-06', '', '', NULL, NULL),
(88, 88, 'Γιώργος Λιλλήκας', 'Τέως Βουλευτές', 'Λευκωσία', '1960-01-06', '', 'Άγαμος/η', NULL, 5),
(89, 89, 'Ελένη Μάυρου', 'Τέως Βουλευτές', 'Λευκωσία', '1961-02-02', '', 'Άγαμος/η', NULL, 2),
(90, 90, 'Νίκος Νούρης', 'Τέως Βουλευτές', 'Λευκωσία', NULL, '', 'Έγγαμος/η', NULL, 1),
(91, 91, 'Γιώργος Περδίκης', 'Τέως Βουλευτές', 'Λευκωσία', '1962-10-23', '', 'Έγγαμος/η', NULL, 7),
(92, 92, 'Γιώργος Περδίκης', 'Τέως Βουλευτές', 'Λευκωσία', '1969-03-23', '', 'Έγγαμος/η', NULL, 7),
(93, 93, 'Χαράλαμπος Πιττοκοπίτης', 'Τέως Βουλευτές', 'Πάφος', '1955-12-06', '', 'Έγγαμος/η', 2, 3),
(94, 94, 'Χαράλαμπος Πιττοκοπίτης', 'Τέως Βουλευτές', 'Χλώρακα-Πάφος', '1955-12-06', '', 'Έγγαμος/η', 1, 3),
(95, 95, 'Γεώργιος Προκοπίου', 'Τέως Βουλευτές', 'Λάρνακα', '1956-10-22', '', 'Έγγαμος/η', 1, 3),
(96, 96, 'Ευανθία Σάββα', '', 'Λάρνακα', '1964-10-12', '', 'Έγγαμος/η', NULL, 2),
(97, 97, 'Ευανθία Σάββα', '', 'Λάρνακα', '1964-10-12', '', 'Έγγαμος/η', NULL, 2),
(98, 98, 'Μιχάλης Σοφοκλέους', 'Τέως Βουλευτές', 'Λευκωσία', '1942-06-09', '', 'Άγαμος/η', NULL, 1),
(99, 99, 'Ελένη Σταύρου', 'Τέως Βουλευτές', 'Λεμεσός', '1975-07-04', '', 'Διαζευγμένος/η', NULL, 1),
(100, 100, 'Ελένη Σταύρου', 'Τέως Βουλευτές', 'Λεμεσός', '1975-07-04', '', 'Διαζευγμένος/η', NULL, 1),
(101, 101, 'Ανδρέας Φακοντής', 'Τέως Βουλευτές', 'Πάφος', '1964-10-22', '', 'Έγγαμος/η', 2, 2),
(102, 102, 'Ανδρέας Φακοντής', 'Τέως Βουλευτές', 'Πάφος', '1964-10-22', '', 'Έγγαμος/η', NULL, 2);

-- --------------------------------------------------------

--
-- Table structure for table `previous_incomes`
--

CREATE TABLE `previous_incomes` (
  `id` int NOT NULL,
  `declaration_id` int DEFAULT NULL,
  `html_content` longtext COLLATE utf8mb4_general_ci
) ENGINE=InnoDB DEFAULT CHARSET=utf8mb4 COLLATE=utf8mb4_general_ci;

--
-- Dumping data for table `previous_incomes`
--

INSERT INTO `previous_incomes` (`id`, `declaration_id`, `html_content`) VALUES
(1, 1, ''),
(2, 2, 'Η μόνη διαφοροποίηση εντοπίζεται\r\n(α) στο εφάπαξ που εισέπραξα σε δύο δόσεις (Οκτ.2020 και Μάρτιο 2021)\r\nσυνεπεία της πρόωρης αφυπηρέτησης μου από τη Δημόσια Υπηρεσία μετά από\r\n23 χρόνια υπηρεσίας για να αναλάβω το αξίωμα του Υφυπουργού Ναυτιλίας\r\n(β) στο εφάπαξ - φιλοδώρημα που εισέπραξα για την 32μηνη υπηρεσία μου ως\r\nΥφυπουργός'),
(3, 3, 'Τα μόνα μου εισοδήματα είναι αυτά που παίρνω σαν Βουλευτής'),
(4, 4, ''),
(5, 5, 'Καμία αλλαγή.'),
(6, 6, 'Μισθοί 18 μηνών απο τη θητεία μου στο ευρωπαικό κοινοβούλιο. 6400 x 18 μήνες'),
(7, 7, ''),
(8, 8, 'Έλαβε απο το Πανεπιστήμιο Κύπρου με τη σύνταξη μου 176215,01 ευρώ ως εφάπαξ και αναδρομική σύνταξη απο την 1η Ιουνίου 2019'),
(9, 9, ''),
(10, 10, ''),
(11, 11, ''),
(12, 12, ''),
(13, 13, ''),
(14, 14, 'Μεταβατικές Αποδοχές Μέχρι 31/05/2010 απο Ευρωπαικό Κοινοβούλιο- 6830,00 ευρώ/μήνα\r\nΣύνταξη 2687.81,00 ευρώ/μήνα\r\nΔικηγορική Δραστηριότητα 600.00 ευρώ/μήνα'),
(15, 15, ''),
(16, 16, '\r\n'),
(17, 17, ''),
(18, 18, ''),
(19, 19, ''),
(20, 20, ''),
(21, 21, 'Το μοναδικό μου εισόδημα είναι ο μισθός του Βουλευτή. 2021 €82,434  2022 €87,009 2023 €93,904'),
(22, 22, ''),
(23, 23, ''),
(24, 24, '2019, η σύζηγος και εγώ. Απο Τρ. Κύπρου ελαβέ το ποσό πρόωρης σχεδίου ύψους  200000. Το 2019 έλαβε και το ταμείο πρόνοιας 50000.'),
(25, 25, ''),
(26, 26, ''),
(27, 27, ''),
(28, 28, 'Μισθός από Ιδιωτική Ετερία 2021 €6732, 2022 €6732, 2023 €6732'),
(29, 29, ''),
(30, 30, ''),
(31, 31, 'Προσφυγική βοήθεια - €35.000'),
(33, 33, ''),
(34, 34, '600 ευρώ τον μήνα απο ενοίκιο διαμερίσματος'),
(35, 35, 'Αντιμισθία Αξιώματος: 2021: €47.283, 2022 €87.009 , 2023 €93.904'),
(36, 36, '-19.255 ευρώ εξαργύρωση Επενδυτικής Ασφάλειας Ζωής με Εθνική Ασφαλιστική\r\n-Ενοίκια Εισπακτέα 2022 14.150 ευρώ\r\n-Εξαργύρωση Ασφάλειας Ζωής με Εθνική Ασφαλιστική 19.255 ευρώ'),
(37, 37, ''),
(39, 39, ''),
(40, 40, 'Σύνολο σταθερών εσόδων 108,471 ευρώ, σύνολο φορολογίας 27,321 ευρώ. Καθαρό σύνολο 81,150 ευρώ'),
(41, 41, 'Αντιμησθία Βουλευτή 2021 €84.519, 2022 € 87.009, 2023 €93.904'),
(42, 42, ''),
(43, 43, 'Μισθοδοσία Γενικού Λογιστηρίου για το 2021: 47.283 ευρώ, Μισθοδοσία Γενικού Λογιστηρίου για το 2022: 87.009 ευρώ, Μισθοδοσία Γενικού Λογιστηρίου για το 2023: 93.904 ευρώ'),
(44, 44, ''),
(45, 45, 'Αποδοχές και επιδόματα ως μέλος της βουλής των αντιπροσώπων. Αντιμισθία βουλευτή 2019 €83.260, Αντιμισθία βουλευτή 2020 €84.054'),
(46, 46, 'Αποδοχές ως μέλος της βουλής των αντιπροσώπων 2021: €84520, 2022: €87009. Αποδοχές Κ.Ε ΑΚΕΛ 2021:€16261, 2022 €0'),
(48, 48, 'Αντιμισθία Αξιώματος 2021 47,283 ευρώ, 2022 87,009 ευρώ, 2023 93.903 ευρώ'),
(49, 49, ''),
(50, 50, ''),
(51, 51, ''),
(52, 52, ''),
(53, 53, ''),
(54, 54, 'Μισθός Βουλευτη 81,752'),
(55, 55, 'Μισθός Βουλευτη €93,904'),
(56, 56, 'Μισθός Βουλευτη 81,752'),
(57, 57, ''),
(58, 58, 'Από Βουλή\r\nΑπό Μισθό Φαρμακοποιού από Φαρμ. Αγγ. Βότσης Λτδ\r\nΑπό Μετοχές Φαρμακείου Άγγελος Βότσης Λτδ (2019) 14403.42 (51%)'),
(59, 59, ''),
(60, 60, ''),
(61, 61, ''),
(62, 62, '2019:\r\n7046 ευρώ ετήσιος μισθός από: Γεώργιος Κ Γεωργίου ΔΕΠΕ\r\n83261 ευρώ ετήσια αντιμίσθια βουλευτή\r\n4950 ευρώ ετήσιο ενήκιο διαμερίσματος αρ. 101 Ενορίας Χρυσοπολίτισσας - Λάρνακα\r\n77600 μέρισμα από Γεώργιος Κ Γεωργίου ΔΕΠΕ\r\n580.92 ευρώ μηνιαίο επίδομα οδοιπορικών\r\n\r\n2020:\r\n7387 ευρώ ετήσιος μισθός από Γεώργιος Κ Γεωργίου ΔΕΠΕ\r\n84054 ευρώ ετήσια αντιμίσθια βουλευτή\r\n6000 ευρώ ετήσιο ενοίκιο διαμερίσματος αρ. 101 Ενορίας Χρυσοπολίτισσας - Λάρνακα\r\n580.92 μηνιαίο επίδομα οδοιπορικών\r\n740.50 μηνιαία θεσμοθετιμένη σύνταξη'),
(63, 63, 'Ενοίκιο 300 ευρώ μέχρι Αυγ 2018\r\n15/10/2018: 6286 ευρώ από ασφάλεια λόγο ζημιών από διαρροή εκτημιμένη ζημιά 19000 ευρώ\r\n20/03/2018: τελευταία δόση από εφ\' απαξ Δήμου Κ. Πολεμήδιων'),
(64, 64, ''),
(65, 65, 'Αντιμισθία βουλευτή για την 3ετία (ετήσια αποζημίωση 81751.77 ευρώ)\r\nΜισθός από Οπτικό Οίκο Ζ. Ζαχαρίου (ετήσιες απολαβές 21500 ευρώ)'),
(66, 66, 'Αντιμισθία βουλευτή για την 3ετία 148926.29\r\nΜισθός από Οπτικό Οίκο Ζ. Ζαχαρίου 36000'),
(67, 67, 'Εισοδήματα περίπου 148000 λόγω της βουλευτικής αντιμισθίους από την 01/06/2016 μέχι σήμερα'),
(68, 68, 'Εισοδήματα περίπου 98000 ευρώ λόγω της βουλευτικής αντιμισθίας από την προηγούμενη δήλωση του 2019 μέχρι σήμμερα'),
(69, 69, ''),
(70, 70, '2016 - 82975 ευρώ\r\n2017 - 78903 ευρώ\r\n2018 - 81751 ευρώ\r\n2018 - 57000 ευρώ'),
(71, 71, '2016 - 82795 ευρώ\r\n2017 - 78903 ευρώ\r\n2018 - 81751 ευρώ\r\n2019 - 83260 ευρώ\r\n2020 - 84053 ευρώ'),
(72, 72, 'Εξαργύρωση συμβολαίου UNIVERSAL - 0011110715\r\nΕξαργύρωση συμβολαίου CYPRIALIFE - 00215316\r\nΕξαργύρωση μονάδων από εν ενέργεια συμβόλαια EUROLIFE'),
(73, 73, 'Μισθός Βουλευτή\r\nΕφάπαξ Βουλευτή'),
(74, 74, ''),
(75, 75, ''),
(76, 76, ''),
(77, 77, 'Μισθός Αντιδημάρχου Λεμεσού'),
(78, 78, '2021: €47,283.48\r\n2022: €87,009.31\r\n2023: €93,904.06'),
(79, 79, ''),
(80, 80, ''),
(81, 81, ''),
(82, 82, ''),
(83, 83, ''),
(84, 84, ''),
(85, 85, 'Μηνιαίο ενοίκιο 1100 ευρώ από την ιδιοκτήτη κατοικίας'),
(86, 86, 'Μηνιαίο ενοίκιο απο ιδιοκτήτη κατοικίας 1100 ευρώ.\r\nΕφάπαξ Φιλοδώρημα 48.5146 που καταβλήθηκε στην Ελληνική Τράπεζα στις 29/12/2021 λόγω αφυπηρέτησης από τη Δημόσια Υπηρεσία στις 7 Ιουλίου 2021 Εφάπαξ Φιλοδώρημα 41.315€ που καταβλήθηκε στην Ελληνική Τράπεζα στις 4/04/2023 για την περίοδο 7/21-2/23 ως Υφυπουργός Κοινωνικής πρόνοιας.\r\n'),
(87, 87, '2016 €166786\r\n2017 €205722\r\n2018 €218212\r\n'),
(88, 88, '2019-€148.307\r\n2020-€107.480\r\n'),
(89, 89, ''),
(90, 90, ''),
(91, 91, ''),
(92, 92, ''),
(93, 93, '2019-€83.260\r\n2020-€84.054\r\nΕφάπαξ-€75.000'),
(94, 94, '2019-€83.260\r\n2020-€84.054\r\nΕφάπαξ-€75.000'),
(95, 95, ''),
(96, 96, ''),
(97, 97, '€76.700,86 εφάπαξ από μια θητεία στην βουλ'),
(98, 98, ''),
(99, 99, ''),
(100, 100, ''),
(101, 101, '2016-€82975\r\n2017-€78903\r\n2018-€81751'),
(102, 102, '');

-- --------------------------------------------------------

--
-- Table structure for table `properties`
--

CREATE TABLE `properties` (
  `id` int NOT NULL,
  `declaration_id` int DEFAULT NULL,
  `location` text COLLATE utf8mb4_general_ci,
  `type` varchar(100) COLLATE utf8mb4_general_ci DEFAULT NULL,
  `area` decimal(10,2) DEFAULT NULL,
  `topographic_data` varchar(255) COLLATE utf8mb4_general_ci DEFAULT NULL,
  `rights_burdens` text COLLATE utf8mb4_general_ci,
  `acquisition_mode` text COLLATE utf8mb4_general_ci,
  `acquisition_date` date DEFAULT NULL,
  `acquisition_value` text COLLATE utf8mb4_general_ci,
  `current_value` text COLLATE utf8mb4_general_ci
) ENGINE=InnoDB DEFAULT CHARSET=utf8mb4 COLLATE=utf8mb4_general_ci;

--
-- Dumping data for table `properties`
--

INSERT INTO `properties` (`id`, `declaration_id`, `location`, `type`, `area`, `topographic_data`, `rights_burdens`, `acquisition_mode`, `acquisition_date`, `acquisition_value`, `current_value`) VALUES
(1, 1, 'ΓΕΡΜΑΣΟΓΕΙΑ (ΑΓ.ΠΑΡΑΣΚΕΥΗ)\r\n', 'Οικόπεδο', 544.00, NULL, 'ΥΠΟΘΗΚΗ ΣΕ ΣΤΕΓΑΣΤΙΚΟ ΔΑΝΕΙΟ', 'ΑΝΕΓΕΡΣΗ', '2002-01-01', '80000', NULL),
(2, 1, 'ΓΕΡΜΑΣΟΓΕΙΑ (ΑΓ.ΠΑΡΑΣΚΕΥΗ)\r\n', 'Σπίτι', 544.00, NULL, 'ΥΠΟΘΗΚΗ ΣΕ ΣΤΕΓΑΣΤΙΚΟ ΔΑΝΕΙΟ', 'ΑΝΕΓΕΡΣΗ', '2009-01-01', '340000', '475900'),
(3, 2, 'ΓΕΡΜΑΣΟΓΕΙΑ (ΑΓ.ΠΑΡΑΣΚΕΥΗ)', 'Οικόπεδο', 544.00, NULL, 'ΥΠΟΘΗΚΗ ΣΕ ΣΤΕΓΑΣΤΙΚΟ ΔΑΝΕΙΟ', 'ΑΝΕΓΕΡΣΗ', '2002-01-01', '80000', NULL),
(4, 2, 'ΓΕΡΜΑΣΟΓΕΙΑ (ΑΓ.ΠΑΡΑΣΚΕΥΗ)', 'Σπίτι', 544.00, NULL, 'ΥΠΟΘΗΚΗ ΣΕ ΣΤΕΓΑΣΤΙΚΟ ΔΑΝΕΙΟ', 'ΑΝΕΓΕΡΣΗ', '2009-01-01', '340000', '475900'),
(5, 3, 'Αγίος Ανδρόνικος Παραλίμνη', 'Χωράφι', 296.00, NULL, NULL, 'Δωρεά από Μητέρα', '2014-01-01', '72500', '72500'),
(6, 4, 'Πύργος', 'Σπίτι', 61.50, NULL, 'Όχι', 'Δάνειο', '2013-01-01', '90000', '144500'),
(7, 4, 'Πύργος', 'Χωράφι', 844.60, NULL, 'Αρχαίο Μνημείο Β\r\nΆδεια Οικοδομής\r\nΟρίστηκε διαχειριστής της περιουσίας του Στέλιου Σωτηρίου – Διαχειριστής η Ανδρούλα Σωτηρίου\r\n', 'Καταθέσεις', '2022-01-01', '32500', '31675'),
(8, 5, 'Πύργος', 'Σπίτι', 61.50, NULL, 'Όχι', 'Δάνειο', '2013-01-01', '90000', '144500'),
(9, 5, 'Πύργος', 'Χωράφι', 844.60, NULL, 'Αρχαίο Μνημείο Β\r\nΆδεια Οικοδομής\r\nΟρίστηκε διαχειριστής της περιουσίας του Στέλιου Σωτηρίου – Διαχειριστής η Ανδρούλα Σωτηρίου\r\n', 'Καταθέσεις', '2022-01-01', '32500', '31675'),
(10, 6, NULL, 'Σπίτι', NULL, NULL, NULL, 'Αγορά μέσω Τραπεζικού Δανείου', '2006-01-01', '235', NULL),
(11, 6, NULL, 'Διαμέρισμα', NULL, NULL, NULL, 'Δωρεά  του Πατρός', '2001-01-01', '58794', NULL),
(12, 6, 'Κατεχόμενα', 'Χωράφι', NULL, NULL, NULL, 'Κληρονομιά εκ του συζύγου', NULL, '0', NULL),
(13, 7, NULL, 'Σπίτι', NULL, NULL, NULL, 'Αγορά', '2003-01-01', '134978', '200'),
(14, 7, 'Λευκωσία', 'Διαμέρισμα', NULL, NULL, NULL, 'Αγορά', '2016-01-01', '230', '230'),
(15, 8, 'Αγλατζιά', 'Σπίτι', 160.00, NULL, '1/2', 'Αγορά', '2003-01-01', '134978', '200'),
(16, 8, 'Λευκωσία/ Παλλουριλωτισσα', 'Διαμέρισμα', 130.00, NULL, 'εξολοκλήρου', 'Αγορά', '2016-01-01', '230', '230'),
(17, 9, 'Αγλαντζιά', 'Σπίτι', 160.00, NULL, '1/2', 'Αγορά', '2003-01-01', '134978', '200'),
(18, 9, 'Λευκωσία/ Παλλουριώτισσα', 'Διαμέρισμα', 130.00, 'Διαμέρισμα 310', 'Εξολοκλήρου', 'Αγορά', '2016-01-01', '230', '230'),
(19, 10, 'Αμμόχωστο', 'Οικόπεδο', NULL, NULL, NULL, NULL, NULL, NULL, NULL),
(20, 10, 'Βρυξελλες', 'Διαμέρισμα', 50.00, NULL, NULL, 'Με δάνειο και ίδια κεφάλαια ', '2015-01-01', '200', '200'),
(21, 10, 'Λευκωσία', 'Διαμέρισμα', NULL, NULL, NULL, 'Με δάνειο και ίδια κεφάλαια ', '2018-01-01', '178', '178'),
(22, 11, 'Αμμόχωστος', 'Οικόπεδο', NULL, 'Άγιο Λουκά', NULL, NULL, NULL, NULL, NULL),
(23, 11, 'Αμμόχωστος', 'Σπίτι', 50.00, 'Άγιο Λουκά', NULL, 'Με δάνειο και ίδια κεφάλαια ', NULL, '200', '200'),
(24, 11, 'Βρυξέλλες', 'Διαμέρισμα', 50.00, NULL, NULL, 'Δάνειο και ίδια κεφάλαια', '2015-01-01', '200', '200'),
(25, 11, 'Λευκωσία', 'Διαμέρισμα', 86.00, NULL, 'Δάνειο 61,000 ευρώ', 'Δάνειο και ίδια κεφάλαια', '2018-01-01', '178', '178'),
(26, 11, 'Κοινότητα Πυργά/ Λάρνακα', 'Χωράφι', 2657.00, NULL, NULL, 'ίδια κεφάλαια και δάνειο', '2021-01-01', '107', '107'),
(27, 12, 'Αμμόχωστος/ Αγιος Λουκάς', 'Οικόπεδο', NULL, 'Άγιο Λουκά', NULL, NULL, NULL, NULL, NULL),
(28, 12, 'Αμμόχωστος/ Αγιος Λουκάς', 'Σπίτι', 50.00, 'Άγιο Λουκά', NULL, 'Με δάνειο και ίδια κεφάλαια ', NULL, '200', '200'),
(29, 12, 'Βρυξέλλες ', 'Διαμέρισμα', 50.00, NULL, NULL, 'Δάνειο και ίδια κεφάλαια', '2015-01-01', '200', '200'),
(30, 12, 'Λευκωσία', 'Διαμέρισμα', 86.00, NULL, 'Δάνειο 43,000', 'Δάνειο και ίδια κεφάλαια', '2018-01-01', '178', '178'),
(31, 12, 'Κοινότητα Πυργά/ Λάρνακα', 'Χωράφι', 2657.00, NULL, NULL, 'ίδια κεφάλαια και δάνειο', '2021-01-01', '107', '107'),
(32, 13, 'Λευκωσία', 'Διαμέρισμα', NULL, 'Φ/ΣΧ', NULL, 'Αγορά', '1990-01-01', '23621.28', '67'),
(33, 13, 'Λεμεσός', 'Χωράφι', NULL, 'Φ/ΣΧ', NULL, 'Δωρεάν- Κληρονομικό', '2011-01-01', '427', '23'),
(34, 14, NULL, 'Οικόπεδο', NULL, NULL, NULL, 'Αγορά', '2001-01-01', '135.158', '135.158'),
(35, 14, NULL, 'Σπίτι', NULL, NULL, NULL, 'Ανέγερση (δάνειο απο ΣΠΕ Αγλατζιάς', '2004-01-01', '237.18', '237.18'),
(36, 14, 'Πάφο', 'Σπίτι', 96.00, NULL, NULL, 'Κληρονομικό', NULL, '45', '45'),
(37, 14, 'Πάφο', 'Χωράφι', 6000.00, NULL, NULL, 'Αγορά', '2003-01-01', '3', '3'),
(38, 14, 'Στρούθος- Πάνω Ακουρδαλεία', 'Χωράφι', 4587.00, NULL, NULL, 'Κληρονομικό', NULL, NULL, NULL),
(39, 14, 'Στρούθος- Πάνω Ακουρδαλεία', 'Οικόπεδο', 653.00, NULL, NULL, 'κληρονιμικό', NULL, NULL, NULL),
(40, 14, 'Στρούθος- Πάνω Ακουρδαλεία', 'Οικόπεδο', 654.00, NULL, NULL, 'κληρονομικό', NULL, NULL, NULL),
(41, 14, 'Καμίνια- Πάνω Ακουρδαλεία (Πάφος)', 'Χωράφι', 3000.00, NULL, NULL, 'κληρονομικό', NULL, NULL, NULL),
(42, 14, 'Καμίνια- Πάνω Ακουρδαλεία (Πάφος)', 'Χωράφι', 2400.00, NULL, NULL, 'κληρονομικό', NULL, NULL, NULL),
(43, 14, 'Καμίνια- Πάνω Ακουρδαλεία (Πάφος)', 'Χωράφι', 709.00, NULL, NULL, 'Τα 2.3 τοθ χωραφιού είναι κληρονομικά ενώ το 1/3 αγοράστηκε το 2003', NULL, '28.451', '28.451'),
(44, 15, NULL, 'Σπίτι', 880.00, NULL, '1/2 Στην Σύζυγο', 'Αγορά', '1992-01-01', '300000', '1000000'),
(45, 15, NULL, 'Σπίτι', 700.00, NULL, NULL, 'Αγορά', '2000-01-01', '150000', '500000'),
(46, 15, NULL, 'Σπίτι', 560.00, NULL, NULL, 'Αγορά', '2010-01-01', '350000', '1200000'),
(47, 16, 'Λευκωσία', 'Σπίτι', 880.00, NULL, '1/2 στη σύζυγο, δεν υπάρχουν βάρη', 'Αγορά', '1992-01-01', '300000', '2000000'),
(48, 16, 'Αγορά', 'Σπίτι', 700.00, NULL, 'δεν υπάρχουν βάρη', 'Αγορά', '2000-01-01', '180000', '600000'),
(49, 16, 'Λευκωσία', 'Σπίτι', 560.00, NULL, '1/2 στη σύζυγο, δεν υπάρχουν βάρη', 'Αγορά', '2010-01-01', '1600000', '2000000'),
(50, 17, 'Λευκωσία', 'Διαμέρισμα', NULL, NULL, NULL, 'Αγορά', '1999-01-01', '15375', '117550'),
(51, 17, 'Λευκωσία', 'Διαμέρισμα', NULL, NULL, NULL, 'Αγορά', '1987-01-01', '15425', '180000'),
(52, 17, 'Λευκωσία', 'Διαμέρισμα', NULL, NULL, NULL, 'Αγορά', '1999-01-01', '23920', '143800'),
(53, 17, 'Λευκωσία', 'Διαμέρισμα', NULL, NULL, 'Υποθήκη', 'Αγορά', '2011-01-01', '115000', '163700'),
(54, 17, 'Λευκωσία', 'Διαμέρισμα', NULL, NULL, NULL, 'Αγορά', '2002-01-01', '24350', '147300'),
(55, 17, 'Λευκωσία', 'Κατάστημα', NULL, NULL, NULL, 'Αγορά', '2009-01-01', '85000', '288550'),
(56, 17, 'Στρόβολος', 'Σπίτι', 458.00, NULL, 'Υποθήκη', 'Αγορά', '1990-01-01', '40600', '229100'),
(57, 17, 'Πηγαίνια', 'Χωράφι', 703.00, NULL, NULL, 'Αγορά', '1990-01-01', '5725', '116350'),
(58, 17, 'Κάτω Πύργος', 'Χωράφι', 348.00, NULL, NULL, 'Αγορά', '1990-01-01', '9000', '133150'),
(59, 17, 'Γερμασόγεια', 'Χωράφι', 368.00, NULL, NULL, 'Δωρεά', '1999-01-01', NULL, '82900'),
(60, 17, 'Γερμασόγεια', 'Χωράφι', 348.00, NULL, NULL, 'Δωρεά', '2007-01-01', NULL, '5433'),
(61, 17, 'Γερμασόγεια', 'Χωράφι', 338.00, NULL, NULL, 'Δωρεά', '2007-01-01', NULL, '1333'),
(62, 17, 'Γερμασόγεια', 'Χωράφι', 74.00, NULL, NULL, 'Δωρεά', '2007-01-01', NULL, '22067'),
(63, 17, 'Γερμασόγεια', 'Χωράφι', 68.00, NULL, NULL, 'Δωρεά', '2007-01-01', NULL, '20067'),
(64, 17, 'Γερμασόγεια', 'Χωράφι', 37.00, NULL, NULL, 'Δωρεά', '2007-01-01', NULL, '13800'),
(65, 17, 'Γερμασόγεια', 'Χωράφι', 345.00, NULL, NULL, 'Δωρεά', '2007-01-01', NULL, '4183'),
(66, 17, 'Γερμασόγεια', 'Χωράφι', 38.00, NULL, NULL, 'Δωρεά', '2007-01-01', NULL, '2217'),
(67, 17, 'Άγιος Ιωάννης Λεμεσού', 'Χωράφι', 379.00, NULL, NULL, 'Δωρεά', '2017-01-01', NULL, '6400'),
(68, 17, 'Γερμασόγεια', 'Χωράφι', 348.00, NULL, NULL, 'Δωρεά', '2013-01-01', NULL, '5433'),
(69, 17, 'Γερμασόγεια', 'Χωράφι', 338.00, NULL, NULL, 'Δωρεά', '2013-01-01', NULL, '1333'),
(70, 17, 'Γερμασόγεια', 'Χωράφι', 74.00, NULL, NULL, 'Δωρεά', '2013-01-01', NULL, '20067'),
(71, 17, 'Γερμασόγεια', 'Χωράφι', 68.00, NULL, NULL, 'Δωρεά', '2013-01-01', NULL, '20067'),
(72, 17, 'Γερμασόγεια', 'Χωράφι', 37.00, NULL, NULL, 'Δωρεά', '2013-01-01', NULL, '13800'),
(73, 17, 'Γερμασόγεια', 'Χωράφι', 345.00, NULL, NULL, 'Δωρεά', '2013-01-01', NULL, '4183'),
(74, 17, 'Γερμασόγεια', 'Χωράφι', 38.00, NULL, NULL, 'Δωρεά', '2013-01-01', NULL, '2217'),
(75, 17, 'Παραλίμνι', 'Σπίτι', 687.00, NULL, NULL, 'Αγορά', '2008-01-01', '110000', '43219'),
(76, 17, 'Αγλαντζία, Λευκωσία', 'Οικόπεδο', 595.00, NULL, NULL, 'Αγορά', '2017-01-01', '125000', '125000'),
(77, 17, 'Αθήνα', 'Διαμέρισμα', 106.00, NULL, NULL, 'Αγορά', '2009-01-01', '185114', '185114'),
(78, 17, 'Κατεχόμενο Γεράνι, Αμμόχωστος', 'Χωράφι', 604.00, NULL, NULL, 'Δωρεά', '1973-01-01', NULL, NULL),
(79, 17, 'Κατεχόμενο Γεράνι, Αμμόχωστος', 'Χωράφι', NULL, NULL, NULL, 'Δωρεά', '1999-01-01', NULL, NULL),
(80, 17, 'Κατεχόμενο Κάτω Βαρώσι', 'Οικόπεδο', 527.00, NULL, NULL, NULL, '1991-01-01', NULL, NULL),
(81, 18, NULL, 'Οικόπεδο', 469.00, NULL, NULL, 'Δώρο απο Πατέρα', '2018-01-01', '954900', '954900'),
(82, 19, NULL, NULL, NULL, NULL, NULL, NULL, NULL, NULL, NULL),
(83, 20, NULL, NULL, NULL, NULL, NULL, NULL, NULL, NULL, NULL),
(84, 21, 'Εντός του Δήμου Παραλιμνίου, Περιοχή Άγιος Ανδρόνικος', 'Χωράφι', 296.00, NULL, NULL, 'Δωρεά από Μητέρα', '2014-01-01', '72500', '72500'),
(85, 22, 'Κατεχόμενο Πραστείο Αμμοχώστου ', 'Χωράφι', 0.00, 'Φ/ΣΧ 23/45, ΤΕΜ 113', NULL, 'Δωρεάν μεταβήβαση απο γονείς', '1999-01-01', '0', '0'),
(86, 22, 'Κατεχόμενο Πραστείο Αμμοχώστου ', 'Χωράφι', 3.00, 'Φ/ΣΧ 23/46, ΤΕΜ 37', 'Υποθήκη', 'Δωρεάν μεταβήβαση απο γονείς', '1999-01-01', '0', '0'),
(87, 22, 'Κατεχόμενη Περιστ. Αμμοχώστου ', 'Χωράφι', 1.00, 'Φ/ΣΧ 23/46, ΤΕΜ 23/1', NULL, 'Δωρεάν μεταβήβαση απο γονείς', '1999-01-01', '0', '0'),
(88, 22, 'Κατεχόμενο Πραστείο Αμμοχώστου ', 'Χωράφι', 1.00, 'Φ/ΣΧ 23/46', NULL, 'Δωρεάν μεταβήβαση απο γονείς', '1999-01-01', '0', '0'),
(89, 23, 'Κατεχόμενο Πραστείο Αμμοχώστου ', 'Χωράφι', 0.00, 'Φ/ΣΧ 23/45, ΤΕΜ 113', NULL, 'Δωρεάν μεταβήβαση απο γονείς', '1999-01-01', '0', '0'),
(90, 23, 'Κατεχόμενο Πραστείο Αμμοχώστου ', 'Χωράφι', 3.00, 'Φ/ΣΧ 23/46, ΤΕΜ 37', 'Υποθήκη ', 'Δωρεάν μεταβήβαση απο γονείς', '1999-01-01', '0', '0'),
(91, 23, 'Κατεχόμενη Περιστερόνα Αμμοχώστου ', 'Χωράφι', 1.00, 'Φ/ΣΧ 23/46, ΤΕΜ 23/1', NULL, 'Δωρεάν μεταβήβαση απο γονείς', '1999-01-01', '0', '0'),
(92, 23, 'Κατεχόμενο Πραστείο Αμμοχώστου ', 'Χωράφι', 1.00, 'Φ/ΣΧ 23/46', NULL, 'Δωρεάν μεταβήβαση απο γονείς', '1999-01-01', '0', '0'),
(93, 24, 'Κατεχόμενο Πραστείο Αμμοχώστου ', 'Χωράφι', 0.00, 'Φ/ΣΧ 23/45, ΤΕΜ 113', NULL, 'Δωρεάν μεταβήβαση απο γονείς', '1999-01-01', '0', '0'),
(94, 24, 'Κατεχόμενο Πραστείο Αμμοχώστου ', 'Χωράφι', 3.00, 'Φ/ΣΧ ', 'Υποθήκη', 'Δωρεάν μεταβήβαση απο γονείς', '1999-01-01', '0', '0'),
(95, 24, 'Κατεχόμενη Περιστερόνα Αμμοχώστου ', 'Χωράφι', 1.00, 'Φ/ΣΧ ', NULL, 'Δωρεάν μεταβήβαση απο γονείς', '1999-01-01', '0', '0'),
(96, 24, 'Κατεχόμενο Πραστείο Αμμοχώστου ', 'Χωράφι', 1.00, 'Φ/ΣΧ ', NULL, 'Δωρεάν μεταβήβαση απο γονείς', '1999-01-01', '0', '0'),
(97, 25, 'Λευκωσία - Λακατάμεια', 'Οικόπεδο', 583.00, 'Φ/ΣΧ 23/45, ΤΕΜ 113', 'Κανένα', 'Αγορά', '2004-01-01', '0', '210.95'),
(98, 25, 'Λευκωσία - Λακατάμεια', 'Οικόπεδο', 544.00, 'Φ/ΣΧ ', 'Κανένα', 'Αγορά', '2010-01-01', '0', '69.1'),
(99, 26, 'Μονή', 'Σπίτι', NULL, 'Τεμ. 1368', 'Υποθήκη €66,253 κατά τις 14/06/2021', 'Κληρονομικό Τεμάχιο και ιδιωτική ανέγερση κατοικίας', '2018-01-01', '241500', '241500'),
(100, 26, 'Πάφου', 'Κατάστημα', NULL, 'Τεμ. 431', NULL, 'Αγορά', '2018-01-01', '100400', '100400'),
(101, 26, 'Γερμασόγια', 'Κατάστημα', NULL, 'Τεμ. 475', NULL, 'Αγορά', '2018-01-01', '74000', '74000'),
(102, 26, 'Μονή', 'Οικόπεδο', NULL, 'Τεμ. 471', NULL, 'Κληρονομικό', '2018-01-01', '6301000', '301000'),
(103, 26, 'Κέδαρες', 'Οικόπεδο', NULL, 'Τεμ. 536', NULL, 'Κληρονομικό', '2018-01-01', '12300', '12300'),
(104, 26, 'Κέδαρες', 'Οικόπεδο', NULL, 'Τεμ. 867', NULL, 'Κληρονομικό', '2018-01-01', '43300', '43300'),
(105, 26, 'Κέδαρες', 'Οικόπεδο', NULL, 'Τεμ. 857', NULL, 'Κληρονομικό', '2018-01-01', '8200', '8200'),
(106, 27, 'Λευκωσία - Στρόβολος', 'Διαμέρισμα', 147.00, 'Φ/ΣΧ 23/45, ΤΕΜ 113', '-', 'Δωρεά', '2007-01-01', '0', '168.8'),
(107, 27, 'Πάφος - Γεροσκήπου', 'Οικόπεδο', 579.00, 'Φ/ΣΧ ', '-', 'Δωρεά', '2018-01-01', '0', '110.6'),
(108, 27, 'Λευκωσία - Στρόβολος', 'Οικόπεδο', 543.00, 'Φ/ΣΧ ', '-', 'Δωρεά', '2022-01-01', '0', '460000'),
(109, 27, 'Λευκωσία - Στρόβολος', 'Οικόπεδο', 529.00, 'Φ/ΣΧ ', '-', 'Αγορά', '2022-01-01', '106', '126.45'),
(110, 28, 'Μονή- Λεμεσός', 'Σπίτι', 164.00, NULL, NULL, 'Κληρονομικό Τεμάχιο και ιδιωτική ανέγερση οικίας', '2010-01-01', '238700', '238700'),
(111, 28, 'Μονή- Λεμεσός', 'Οικόπεδο', 6689.00, NULL, NULL, 'Κληρονομικό', '2002-01-01', '301000', '301000'),
(112, 28, 'Μονή- Λεμεσός', 'Οικόπεδο', 967.00, NULL, NULL, 'Κληρονομικό', '2024-01-01', '471000', '471000'),
(113, 28, 'Μονή- Λεμεσός', 'Οικόπεδο', 7526.00, NULL, NULL, 'Κληρονομικό', '2024-01-01', '94100', '94100'),
(114, 28, 'Μονή- Λεμεσός', 'Οικόπεδο', 141.00, NULL, NULL, 'Κληρονομικό', '2024-01-01', '260900', '260900'),
(115, 28, 'Μονή- Λεμεσός', 'Οικόπεδο', 3679.00, NULL, NULL, 'Κληρονομικό', '2024-01-01', '29400', '29400'),
(116, 28, 'Κεδάρες- Πάφος', 'Οικόπεδο', 7693.00, NULL, NULL, 'Κληρονομικό', '2008-01-01', '12300', '12300'),
(117, 28, 'Πάφος- Κεδάρες', 'Οικόπεδο', 4348.00, NULL, NULL, 'Κληρονομικό', '2008-01-01', '43300', '43300'),
(118, 28, 'Πάφος- Κέδαρες', 'Οικόπεδο', 725.00, NULL, NULL, 'Κληρονομικό', '2008-01-01', '8200', '8200'),
(119, 29, NULL, 'Οικόπεδο', 270.00, NULL, NULL, 'Δάνειο', '2017-01-01', '276900', '250000'),
(120, 30, 'Λυκαβηττός- Λευκωσία', 'Διαμέρισμα', 106.00, 'Φ/ΣΧ 23/45, ΤΕΜ 113', 'Υποθήκη', 'Αγορά', '2021-01-01', '205', '250'),
(121, 30, 'Αγία Φύλαξις- Λεμεσός', 'Σπίτι', 277.00, 'Φ/ΣΧ ', NULL, 'Μεταβίβαση(Μερίδιο 1/6)', '2018-01-01', '67.9', '356'),
(122, 30, 'Γαλάτα- Λευκωσία', 'Χωράφι', 362.00, 'Φ/ΣΧ ', 'Επικάρπια- Νίκος Ιωαννίδης', 'Μεταβίβαση (μερίδιο 1/6)', '2017-01-01', '52.3', '52.3'),
(123, 30, 'Γαλάτα- Λευκωσία', 'Σπίτι', 100.00, 'Φ/ΣΧ ', 'Επικάρπια- Νίκος Ιωαννίδης', 'Μεταβίβαση', '2017-01-01', '21.3', '21.3'),
(124, 31, 'Κάτω Τσιφλίκι, Ενορία Βλάχος, Αραδίππου', 'Οικόπεδο', 270.00, '2038', 'Υποθήκη(Τράπεζα Κύπρου)', 'Δάνειο(Τράπεζα Κύπρου)', '2017-01-01', '250000', '270300'),
(126, 33, 'Επαρχία Πάφου(Άγιος Παύλος)', 'Οικόπεδο', 536.00, 'Τεμ. 263', NULL, 'Δωρεά', '1982-01-01', NULL, NULL),
(127, 33, 'Δήμος Στροβόλου ', 'Σπίτι', 640.00, 'Τεμ. 925', NULL, 'Δωρεά', '2010-01-01', NULL, NULL),
(128, 33, 'Πάφος Λετύμπου', 'Χωράφι', 474.00, 'Τεμ. 750', NULL, 'Αγορά', '2019-01-01', '25000', '25000'),
(129, 33, 'Πάφος Τρεμιθούσα ', 'Χωράφι', NULL, 'Τεμ. 647', NULL, 'Αγορά', '2015-01-01', '141600', '141600'),
(130, 33, 'Πάφος Έμπα', 'Οικόπεδο', 607.00, 'Τεμ. 545', NULL, 'Αγορά', '2019-01-01', '1275000', '1275000'),
(131, 33, 'Αθήνα', 'Διαμέρισμα', 36.00, NULL, NULL, 'Αγορά', '2008-01-01', '100000', '80000'),
(132, 34, 'Δήμος Λευκωσίας', 'Διαμέρισμα', 710.00, 'Φυλ. Σχέδ. Τμήμα Αριθμός Τεμαχίου Τμήμα εγγραφής Μεριδίου 1/1', 'όχι', 'Αγορά', '2001-01-01', '170', '150000'),
(133, 34, 'Δήμος Αγλαντζιάς', 'Σπίτι', 0.00, 'Φυλ. Σχέδ. Τμήμα Αριθμός Τεμαχίου Τμήμα εγγραφής Μεριδίου 1/2', 'Υποθηκευμένη στην Τράπεζα Κύπρου', 'Αγορά', '2008-01-01', '435.693', '496'),
(134, 34, 'Μαζωτός', 'Χωράφι', 3345.00, 'Φυλ. Σχέδ. Τμήμα 0 Αριθμός Τεμαχίου Τμήμα εγγραφής Μεριδίου 1/2', 'όχι', 'Δωρεά', NULL, '33', '33'),
(135, 34, 'Κερύνεια Διόριος', 'Χωράφι', 11825.00, 'Φυλ. Σχέδ. Τμήμα 0 Αριθμός Τεμαχίου Τμήμα εγγραφής Μεριδίου 1/2', 'όχι', 'Δωρεά απο μητέρα', '2023-01-01', '0', '0'),
(136, 34, 'Κερύνεια Διόριος', 'Χωράφι', 5235.00, 'Φυλ. Σχέδ. Τμήμα 0 Αριθμός Τεμαχίου Τμήμα εγγραφής Μεριδίου 1/2', 'όχι', 'δωρεά απο μητέρα', '2023-01-01', '0', '0'),
(137, 34, 'Κερύνεια Οργα', 'Χωράφι', 2553.00, 'Φυλ. Σχέδ. Τμήμα 0 Αριθμός Τεμαχίου Τμήμα εγγραφής Μεριδίου 1/2', 'όχι', 'Δωρεά απο μητέρα', '2023-01-01', '0', '0'),
(138, 34, 'Κερύνεια Οργα', 'Χωράφι', 7958.00, 'Φυλ. Σχέδ. Τμήμα 0 Αριθμός Τεμαχίου Τμήμα εγγραφής Μεριδίου 1/2', 'όχι', 'δωρεά απο μητέρα', '2023-01-01', '0', '0'),
(139, 34, 'Κερύνεια Οργα', 'Χωράφι', 7821.00, 'Φυλ. Σχέδ. Τμήμα 0 Αριθμός Τεμαχίου Τμήμα εγγραφής Μεριδίου 1/4', NULL, 'δωρεά απο μητέρα', '2023-01-01', '0', '0'),
(140, 34, 'Αθήνα- Δήμος Παπάγου', 'Σπίτι', 94.00, 'Αρ. ταυτότητας Ακιν.', 'όχι', 'Δωρεά απο μητέρα', '2009-01-01', '105', '105'),
(141, 34, 'Ιωάννινα', 'Διαμέρισμα', 35.00, 'Αρ. Ταυτότητας Ακιν.', 'όχι\r\nΙδιοκτησία 1/3', 'δωρεά απο μητέρα', '2009-01-01', '8', '8'),
(142, 35, 'Πάφος', 'Οικόπεδο', 536.00, NULL, NULL, 'Δωρέα από μητέρα', '1982-01-01', NULL, NULL),
(143, 35, 'Στρόβολος', 'Σπίτι', 640.00, NULL, NULL, 'Δωρεά', '2010-01-01', NULL, NULL),
(144, 35, 'Λετύμπου, Πάφος', 'Χωράφι', 474.00, NULL, NULL, 'Αγορά', '2019-01-01', '25000', '25000'),
(145, 35, 'Τρεμιθούσα, Πάφος', 'Χωράφι', NULL, NULL, NULL, 'Αγορά', '2015-01-01', '141600', '141600'),
(146, 35, 'Έμπα, Πάφος', 'Οικόπεδο', 607.00, NULL, NULL, 'Αγορά', '2019-01-01', '127500', '127500'),
(147, 35, 'Αθήνα, Ελλάδα', 'Διαμέρισμα', 36.00, NULL, NULL, 'Αγορά', '2008-01-01', '100000', '80000'),
(148, 35, 'Πάφος', 'Οικόπεδο', 540.00, NULL, NULL, 'Δωρεά από Μητέρα από κληρονομία που κατείχε από το 1950', '2023-01-01', NULL, NULL),
(149, 35, 'Πάφος', 'Σπίτι', 500.00, NULL, NULL, 'Δωρεά από Μητέρα απο κληρονομία που κατείχε από το 1971', '2023-01-01', NULL, NULL),
(150, 35, 'Μέσα Χωριό, Πάφος', 'Χωράφι', NULL, NULL, NULL, 'Δωρεά από Μητέρα απο κληρονομία που κατείχε από το 1971', '2023-01-01', NULL, NULL),
(151, 35, 'Μεσογή, Πάφος', 'Χωράφι', NULL, NULL, NULL, 'Δωρεά από Μητέρα απο κληρονομία που κατείχε από το 1950', '2023-01-01', NULL, NULL),
(152, 36, 'Παραλίμνη', 'Σπίτι', NULL, NULL, NULL, 'Αγορά', '2006-01-01', '265', '222'),
(153, 36, 'Παραλίμνη', 'Διαμέρισμα', NULL, NULL, 'όχι', 'δώρο απο μητέρα', '2013-01-01', '110', '150'),
(154, 36, 'Παραλίμνη', 'Διαμέρισμα', NULL, NULL, 'όχι', 'δώο απο μητέρα', '2013-01-01', '110', '150'),
(155, 37, 'Πύλα', 'Σπίτι', 120.00, NULL, NULL, 'Αγορά', '2010-01-01', '235000', '185000'),
(157, 39, NULL, NULL, NULL, NULL, NULL, NULL, NULL, NULL, NULL),
(158, 40, NULL, NULL, NULL, NULL, NULL, NULL, NULL, NULL, NULL),
(159, 41, 'Αθήνα ', 'Διαμέρισμα', 52.00, NULL, NULL, NULL, '2004-01-01', '42000', NULL),
(160, 42, 'Νέα Λήδρα', 'Σπίτι', NULL, NULL, NULL, 'Ανέγερση κατόπιν άδειας οικοδομής', '2003-01-01', NULL, '470000'),
(161, 43, 'Νέα Λήδρα στο Δάλι', 'Σπίτι', NULL, NULL, NULL, 'Ανέγερση κατόπιν άδειας οικοδομής', '2003-01-01', NULL, '436000'),
(162, 44, NULL, 'Οικόπεδο', NULL, NULL, 'Δάνειο, Συνεργατική Κυπριακή Τράπεζα', 'Αγορά από ιδιώτη', '1993-01-01', '14900', '22000'),
(163, 45, 'Μαζέρες, Γέρι', 'Οικόπεδο', 574.00, NULL, 'Υποθληκη για δάνειο επ\'ονόματι ιδίου και συζήγου', 'Αγορά μέσω δανεισμού,αποταμίευση και εισφορών γονεών', '1993-01-01', '14310', '22000'),
(164, 46, 'Μαζέρες, Γέρι', 'Οικόπεδο', 547.00, NULL, 'Υποθήκη για δάνειο επ\'ονόματι βουλευτή και της συζύγου του', 'Αγορά μέσω δανεισμού,αποταμίευση και εισφορών γονεών', '1993-01-01', '14310', NULL),
(166, 48, NULL, NULL, NULL, NULL, NULL, NULL, NULL, NULL, NULL),
(167, 49, 'Αγλαντζιά', 'Διαμέρισμα', NULL, NULL, NULL, 'Αγορά', '1999-01-01', '70052', '220400'),
(168, 49, 'Λευκωσία', 'Διαμέρισμα', NULL, NULL, NULL, 'Κληρονομία', '2021-01-01', NULL, '109100'),
(169, 49, 'Αγ. Μέμνων, Αμμόχωστος', 'Κτήριο', 7289.00, NULL, NULL, 'Κληρονομία', NULL, NULL, NULL),
(170, 49, 'Άχνα, Αμμόχωστος', 'Κήπος', NULL, NULL, NULL, 'Κληρονομία', NULL, NULL, NULL),
(171, 49, 'Άχνα, Αμμόχωστος', 'Κήπος', 1597.00, NULL, NULL, 'Κληρονομία', NULL, NULL, NULL),
(172, 49, 'Άχνα, Αμμόχωστος', 'Φυτεία Λεμονιών', 738.00, NULL, NULL, 'Κληρονομία', NULL, NULL, '34000'),
(173, 49, 'Άχνα, Αμμόχωστος', 'Φυτεία Λεμονιών', 461.00, NULL, NULL, 'Κληρονομία', NULL, NULL, '19400'),
(174, 49, 'Άχνα, Αμμόχωστος', 'Φυτεία Λεμονιών', 822.00, NULL, NULL, 'Κληρονομία', NULL, NULL, '512'),
(175, 49, 'Άχνα, Αμμόχωστος', 'Φυτεία Λεμονιών', 25.00, NULL, NULL, 'Κληρονομία', NULL, NULL, '512'),
(176, 49, 'Άχνα, Αμμόχωστος', 'Φυτεία Λεμονιών', 255.00, NULL, NULL, 'Κληρονομία', NULL, NULL, '18700'),
(177, 49, 'Άχνα, Αμμόχωστος', 'Φυτεία Λεμονιών', 568.00, NULL, NULL, 'Κληρονομία', NULL, NULL, '2050'),
(178, 49, 'Άχνα, Αμμόχωστος', 'Φυτεία Λεμονιών', 365.00, NULL, NULL, 'Κληρονομία', NULL, NULL, '1196'),
(179, 49, 'Άχνα, Αμμόχωστος', 'Φυτεία Λεμονιών', 231.00, NULL, NULL, 'Κληρονομία', NULL, NULL, '1025'),
(180, 49, 'Άχνα, Αμμόχωστος', 'Φυτεία Λεμονιών', 307.00, NULL, NULL, 'Κληρονομία', NULL, NULL, '2733'),
(181, 49, 'Άχνα, Αμμόχωστος', 'Φυτεία Λεμονιών', 34.00, NULL, NULL, 'Κληρονομία', NULL, NULL, '1025'),
(182, 49, 'Άχνα, Αμμόχωστος', 'Φυτεία Λεμονιών', 281.00, NULL, NULL, 'Κληρονομία', NULL, NULL, '1196'),
(183, 49, 'Άχνα, Αμμόχωστος', 'Φυτεία Λεμονιών', 268.00, NULL, NULL, 'Κληρονομία', NULL, NULL, NULL),
(184, 49, 'Άχνα, Αμμόχωστος', 'Φυτεία Λεμονιών', 12.00, NULL, NULL, 'Κληρονομία', NULL, NULL, '1366'),
(185, 49, 'Άχνα, Αμμόχωστος', 'Φυτεία Λεμονιών', 31.00, NULL, NULL, 'Κληρονομία', NULL, NULL, '512'),
(186, 49, 'Άχνα, Αμμόχωστος', 'Φυτεία Λεμονιών', 922.00, NULL, NULL, 'Κληρονομία', NULL, NULL, '512'),
(189, 50, 'Αγλαντζιά', 'Διαμέρισμα', NULL, NULL, NULL, 'Αγορά', '1999-01-01', '70052', '220400'),
(190, 50, 'Λευκωσία', 'Διαμέρισμα', NULL, NULL, NULL, 'Κληρονομία', '2021-01-01', NULL, '109100'),
(191, 50, 'Αγ. Μέμνων, Αμμόχωστος', 'Κτήριο', 7289.00, NULL, NULL, 'Κληρονομία', NULL, NULL, NULL),
(192, 50, 'Άχνα, Αμμόχωστος', 'Κήπος', NULL, NULL, NULL, 'Κληρονομία', NULL, NULL, NULL),
(193, 50, 'Άχνα, Αμμόχωστος', 'Κήπος', 1597.00, NULL, NULL, 'Κληρονομία', NULL, NULL, NULL),
(194, 50, 'Άχνα, Αμμόχωστος', 'Φυτεία Λεμονιών', 738.00, NULL, NULL, 'Κληρονομία', NULL, NULL, '34000'),
(195, 50, 'Άχνα, Αμμόχωστος', 'Φυτεία Λεμονιών', 461.00, NULL, NULL, 'Κληρονομία', NULL, NULL, '19400'),
(196, 50, 'Άχνα, Αμμόχωστος', 'Φυτεία Λεμονιών', 822.00, NULL, NULL, 'Κληρονομία', NULL, NULL, '512'),
(197, 50, 'Άχνα, Αμμόχωστος', 'Φυτεία Λεμονιών', 25.00, NULL, NULL, 'Κληρονομία', NULL, NULL, '512'),
(198, 50, 'Άχνα, Αμμόχωστος', 'Φυτεία Λεμονιών', 255.00, NULL, NULL, 'Κληρονομία', NULL, NULL, '18700'),
(199, 50, 'Άχνα, Αμμόχωστος', 'Φυτεία Λεμονιών', 568.00, NULL, NULL, 'Κληρονομία', NULL, NULL, '2050'),
(200, 50, 'Άχνα, Αμμόχωστος', 'Φυτεία Λεμονιών', 365.00, NULL, NULL, 'Κληρονομία', NULL, NULL, '1196'),
(201, 50, 'Άχνα, Αμμόχωστος', 'Φυτεία Λεμονιών', 231.00, NULL, NULL, 'Κληρονομία', NULL, NULL, '1025'),
(202, 50, 'Άχνα, Αμμόχωστος', 'Φυτεία Λεμονιών', 307.00, NULL, NULL, 'Κληρονομία', NULL, NULL, '2733'),
(203, 50, 'Άχνα, Αμμόχωστος', 'Φυτεία Λεμονιών', 34.00, NULL, NULL, 'Κληρονομία', NULL, NULL, '1025'),
(204, 50, 'Άχνα, Αμμόχωστος', 'Φυτεία Λεμονιών', 281.00, NULL, NULL, 'Κληρονομία', NULL, NULL, '1196'),
(205, 50, 'Άχνα, Αμμόχωστος', 'Φυτεία Λεμονιών', 268.00, NULL, NULL, 'Κληρονομία', NULL, NULL, NULL),
(206, 50, 'Άχνα, Αμμόχωστος', 'Φυτεία Λεμονιών', 12.00, NULL, NULL, 'Κληρονομία', NULL, NULL, '1366'),
(207, 50, 'Άχνα, Αμμόχωστος', 'Φυτεία Λεμονιών', 31.00, NULL, NULL, 'Κληρονομία', NULL, NULL, '512'),
(208, 50, 'Άχνα, Αμμόχωστος', 'Φυτεία Λεμονιών', 922.00, NULL, NULL, 'Κληρονομία', NULL, NULL, '512'),
(209, 51, 'Αγία Παρασκευή, Αττική, Ελλάδα', 'Διαμέρισμα', 117.00, NULL, 'Πλήρης Κυριότητα', 'Αγορά', '2022-01-01', '360000', '360000'),
(210, 51, 'Γλυφάδα, Αττική, Ελλάδα', 'Σπίτι', 492.00, NULL, 'Πλήρης Κυριότητα', 'Αγορά', '2006-01-01', '536811', '900000'),
(211, 51, 'Πάρος, Κυκλάδες, Ελλάδα', 'Σπίτι', 775.00, NULL, 'Πλήρης Κυριότητα', 'Ανέγερση', '2011-01-01', '1150000', '1150000'),
(212, 51, 'Αγλαντζία, Λευκωσία', 'Σπίτι', NULL, NULL, 'Πλήρης Κυριότητα', 'Αγορά', '2005-01-01', '125000', '125000'),
(213, 51, 'Αγλαντζία, Λευκωσία', 'Διαμέρισμα', NULL, NULL, 'Πλήρης Κυριότητα', 'Οικογενειακή Πολυκατοικία', '2010-01-01', NULL, NULL),
(214, 51, 'Παραλίμνι, Αμμόχωστος', 'Χωράφι', NULL, NULL, 'Πλήρης Κυριότητα', 'Αγορά', '2011-01-01', '120000', '120000'),
(215, 51, 'Παραλίμνι, Αμμόχωστος', NULL, NULL, NULL, '17/25 Κυριότητα', 'Αγορά', '2010-01-01', '284299', '284299'),
(216, 52, NULL, NULL, NULL, NULL, NULL, NULL, NULL, NULL, NULL),
(217, 53, NULL, NULL, NULL, NULL, NULL, NULL, NULL, NULL, NULL),
(218, 54, 'Ακροελιές, Μουταγιάκα', 'Χωράφι', 1805.00, 'Τεμ. 319/329', 'Ουδέν', 'Δωρεά από παππού', '1998-01-01', '58386', '1037700'),
(219, 54, 'Νήσος 1ος, Ελλάδα', 'Χωράφι', NULL, 'Θέση Νεράκι, Αρ. Συμβ. 1933/91', 'Ουδέν', 'Αγορά από ίδιους πόρους', '1991-01-01', '35031', '360000'),
(220, 54, 'Κρανίδι Πελοποννήσου, Ελλάδα', 'Χωράφι', NULL, 'Θέση Βρέστιζα, Αρ.Συμβ. 15268/93', 'Ουδέν', 'Αγορά από ιδίους πόρους', '1998-01-01', '67145', '260000'),
(221, 54, 'Κάτω Μονή', 'Οικόπεδο', 908.00, 'Τεμ.272/275', 'Ουδέν', 'Αγορά από ιδίους πόρους', '1995-01-01', '13137', '40000'),
(222, 54, 'Αμακού, Θελέτρα, Πάφος', 'Χωράφι', 25.00, 'Τεμ. 137/140/141', 'Ουδέν', 'Αγορά από ιδίους πόρους', '1995-01-01', '43790', '45500'),
(223, 54, 'Κλολαρία Αναδιού, Πάφος', 'Χωράφι', 9.00, 'Τεμ. 14/148/252', 'Ουδέν', 'Δωρεά από γιαγιάς', '1998-01-01', '5840', '20000'),
(224, 54, 'Πεζούλια Λατσιά', 'Χωράφι', 6.00, ' Τεμ. 480', 'Υποθηκευμένο στην Τράπεζα Κύπρου', 'Αγορά από ιδίους πόρους', '1999-01-01', '437897', '1090150'),
(225, 54, 'Βουκουρέστι, Ρουμανία', 'Διαμέρισμα', 80.00, NULL, 'Ουδέν', 'Αγορά από ιδίους πόρους', '1993-01-01', '21563', '185000'),
(226, 55, 'Ακροελιές, Μουταγιάκα', 'Χωράφι', 1805.00, NULL, 'Ουδέν', 'Δωρεά από παππού', '1998-01-01', '58386', '159800'),
(227, 55, 'Νήσος 1ος, Ελλάδα', 'Χωράφι', NULL, 'Θέση Νεράκι', 'Ουδέν', 'Αγορά από ίδιους πόρους', '1991-01-01', '35031', '396000'),
(228, 55, 'Κρανίδι Πελοποννήσου, Ελλάδα', 'Χωράφι', NULL, 'Θέση Βρέστιζα', 'Ουδέν', 'Αγορά από ιδίους πόρους', '1998-01-01', '67145', '286000'),
(229, 55, 'Κάτω Μονή', 'Οικόπεδο', 908.00, NULL, 'Ουδέν', 'Αγορά από ιδίους πόρους', '1995-01-01', '13137', '415000'),
(230, 55, 'Αμακού, Θελέτρα, Πάφος', 'Χωράφι', 25.00, NULL, 'Ουδέν', 'Αγορά από ιδίους πόρους', '1995-01-01', '43790', '50000'),
(231, 55, 'Κλολαρία Αναδιού, Πάφος', 'Χωράφι', 9.00, NULL, 'Ουδέν', 'Δωρεά από γιαγιάς', '1998-01-01', '5840', '22000'),
(232, 55, 'Πεζούλια Λατσιά', 'Χωράφι', 6.00, NULL, 'Υποθηκευμένο στη Τράπεζα Κύπρου', 'Αγορά από ιδίους πόρους', '1999-01-01', '437897', '1090150'),
(233, 56, 'Ακροελιές, Μουταγιάκα', 'Χωράφι', 1805.00, 'Τεμ. 319/329', 'Ουδέν', 'Δωρεά από παππού', '1998-01-01', '58386', '836200'),
(234, 56, 'Νήσος 1ος, Ελλάδα', 'Χωράφι', NULL, 'Θέση Νεράκι, Αρ. Συμβ. 1933/91', 'Ουδέν', 'Αγορά από ίδιους πόρους', '1991-01-01', '35031', '180000'),
(235, 56, 'Κρανίδι Πελοποννήσου, Ελλάδα', 'Χωράφι', NULL, 'Θέση Βρέστιζα, Αρ.Συμβ. 15268/93', 'Ουδέν', 'Αγορά από ιδίους πόρους', '1998-01-01', '67145', '150000'),
(236, 56, 'Κάτω Μονή', 'Οικόπεδο', 908.00, 'Τεμ.272/275', 'Ουδέν', 'Αγορά από ιδίους πόρους', '1995-01-01', '13137', '40000'),
(237, 56, 'Αμακού, Θελέτρα, Πάφος', 'Χωράφι', 25.00, 'Τεμ. 137/140/141', 'Ουδέν', 'Αγορά από ιδίους πόρους', '1995-01-01', '43790', '45500'),
(238, 56, 'Κλολαρία Αναδιού, Πάφος', 'Χωράφι', 9.00, 'Τεμ. 14/148/252', 'Ουδέν', 'Δωρεά από γιαγιάς', '1998-01-01', '5840', '20000'),
(239, 56, 'Πεζούλια Λατσιά', 'Χωράφι', 6.00, 'Τεμ. 480', 'Υποθηκευμένο από ιδίους πόρους', 'Αγορά από ιδίους πόρους', '1999-01-01', '437897', '1211250'),
(240, 56, 'Βουκουρέστι, Ρουμανία', 'Διαμέρισμα', 80.00, NULL, 'Ουδέν', 'Αγορά από ιδίους πόρους', '1993-01-01', '21563', '150000'),
(241, 57, 'D279 1/2 3 ΔΕΚ', 'Χωράφι', 456.00, 'DXX33W2 317 ΜΟΡΦΟΥ', NULL, 'Κληρονομικό', '1994-01-01', NULL, NULL),
(242, 57, 'D538 1/2 1 ΔΕΚ', 'Χωράφι', 979.00, 'DXX33W 195 ΜΟΡΦΟΥ', NULL, 'Κληρονιμικό', '1994-01-01', NULL, NULL),
(243, 57, '1/2 Α14 Χ/Χ', 'Χωράφι', 32.00, 'ΜΟΡΦΟΥ', 'Υποθήκη στο φορέα ίσης κατανομής βαριών για φοιτητικά δάνεια', 'Κληρονομικό', '1994-01-01', NULL, NULL),
(244, 57, 'L199 1/2 2 ΔΕΚ', 'Χωράφι', 258.00, 'L199 LX/X 206 ΜΟΡΦΟΥ', NULL, 'Κληρονομικό', '1994-01-01', NULL, NULL),
(245, 57, '1/2 Ε240', 'Χωράφι', 338.00, 'CX/X3216 292 ΜΟΡΦΟΥ', NULL, 'Κληρονομικό', '1994-01-01', NULL, NULL),
(246, 58, '1/2 3 ΔΕΚ', 'Χωράφι', 456.00, '317 ΜΟΡΦΟΥ', NULL, 'Κληρονομικό', '1994-01-01', NULL, NULL),
(247, 58, '1/2 1 ΔΕΚ', 'Χωράφι', 979.00, '195 ΜΟΡΦΟΥ', NULL, 'Κληρονομικό', '1994-01-01', NULL, NULL),
(248, 58, 'Περιβόλι με γκαράζ 1/2 XIX', 'Οικόπεδο', 32.00, 'ΜΟΡΦΟΥ', 'Υπουήκη στο φορέα Ίσης Κατανομής Βαρών για Φοιτητικά Δάνεια', 'Κληρονομικό', '1994-01-01', NULL, NULL),
(249, 58, '1/2 2 ΔΕΚ', 'Χωράφι', 258.00, '1GW 206 ΜΟΡΦΟΥ', NULL, 'Κληρονομικό', '1994-01-01', NULL, NULL),
(250, 58, 'Ισόγειος κατοικεία 1/2', 'Οικόπεδο', 338.00, '292 ΜΟΡΦΟΥ', NULL, 'Κληρονομικό', '1994-01-01', NULL, NULL),
(251, 59, NULL, 'Σπίτι', NULL, NULL, NULL, 'Δυνάμει δωρεάς από γονείς', '1981-01-01', '450000', '256290'),
(252, 59, NULL, 'Οικόπεδο', NULL, NULL, NULL, 'Δυνάμει αγοράς', '2000-01-01', '111000', '120000'),
(253, 60, NULL, 'Σπίτι', NULL, NULL, NULL, 'Δυνάμει δωρεάς από γονείς', '1981-01-01', '450000', '256000'),
(254, 60, NULL, 'Οικόπεδο', NULL, NULL, NULL, 'Δυνάμει αγοράς', '2000-01-01', '111000', '120000'),
(255, 61, 'Πηγή Αμμοχώστου', 'Χωράφι', 4561.00, 'Φύλλο 23/ Σχ 12/ Τεμ. 628', NULL, 'Δωρεά από τον πατέρα', '2002-01-01', '10000', '20000'),
(256, 61, 'Πηγή Αμμοχώστου', 'Χωράφι', 15311.00, 'Φύλλο 23/ Σχ 12/ Τεμ. 625', NULL, 'Δωρεά από τον πατέρα', '2002-01-01', '40000', '80000'),
(257, 61, 'Πηγή Αμμοχώστου', 'Χωράφι', 867.00, 'Φύλλο 23/ Σχ 13/ Τεμ. 367', NULL, 'Δωρεά από τον πατέρα', '2002-01-01', '2000', '6000'),
(258, 61, 'Πηγή Αμμοχώστου', 'Χωράφι', 2692.00, 'Φύλλο 23/ Σχ 13/ Τεμ. 368', NULL, 'Δωρεά από τον πατέρα', '2002-01-01', '6000', '15000'),
(259, 61, 'Ενορία Χρυσοπολίτισσας, Λάρνακα\r\nΔιαμέρισμα Αρ. 101', 'Διαμέρισμα', 90.00, 'Φύλλο 40/ Σχ 64.0.302/ Τεμ. 20', 'Υποθήκη στην ALPHA BANK - Λάρνακα', 'Αγορά', '2003-01-01', '100937', '150000'),
(260, 61, 'ΚΑΤΤΟΠΑΤΟΣ, ΛΕΥΚΑΡΑ', 'Χωράφι', 3500.00, 'Φύλλο 49/ Σχ 37/ Τεμ. 134', 'Υποθήκη Τράπεζας Κύπρου', 'Αγορά', '1999-01-01', '1700', '22400'),
(261, 61, 'ΜΟΥΤΤΟΚΑΥΚΙ, ΛΕΥΚΑΡΑ', 'Χωράφι', 7693.00, 'Φύλλο 49/ Σχ 04/ Τεμ. 451', 'Υποθήκη Τράπεζας Κύπρου', 'Αγορά', '1996-01-01', '1500', '22100'),
(262, 62, 'Πηγή Αμμοχώστου', 'Χωράφι', 4561.00, NULL, NULL, 'Δωρεά από τον πατέρα', '2002-01-01', NULL, NULL),
(263, 62, 'Πηγή Αμμοχώστου', 'Χωράφι', 15311.00, NULL, NULL, 'Δωρεά από τον πατέρα', '2002-01-01', NULL, NULL),
(264, 62, 'Πηγή Αμμοχώστου', 'Χωράφι', 867.00, NULL, NULL, 'Δωρεά από τον πατέρα', '2002-01-01', NULL, NULL),
(265, 62, 'Πηγή Αμμοχώστου', 'Χωράφι', 2692.00, NULL, NULL, 'Δωρεά από τον πατέρα', '2002-01-01', NULL, NULL),
(266, 62, 'Αρ.101, Ενορία Χρυσοπολίτισσας, Λάρνακα', 'Διαμέρισμα', 90.00, NULL, NULL, 'Αγορά', '2003-01-01', '59800', '150000'),
(267, 62, 'Καττόπατον, Λεύκαρα', 'Χωράφι', 3500.00, NULL, NULL, 'Αγορά', '1999-01-01', '1700', '27400'),
(268, 62, 'Μουττοκαύκι, Λεύκαρα', 'Χωράφι', 7693.00, NULL, NULL, 'Αγορά', '1996-01-01', '1500', '22100'),
(269, 63, 'Παν. Ευαγγελίστριας', 'Σπίτι', 242.00, NULL, NULL, 'Δωρεά', '1984-01-01', '270400', '223600'),
(270, 63, 'Ανθούπολη', 'Οικόπεδο', 585.00, '9.53/ Σχ 56 Τεμ 1100 Αρ. εγγρ. 28527', NULL, 'Δάνειο', '1996-01-01', '187800', '175300'),
(271, 63, 'Βασιλικής - Κερύνειας', 'Χωράφι', NULL, '11/13-14, 21-22', 'Υποθηκούμενο στο φορ. Ίσης Κατ. Βαρών (φοιτητικά, ιατροφαρμακευτικά)', 'Κληρονομικό', '1977-01-01', NULL, NULL),
(272, 64, 'Κ. Πολ.', 'Σπίτι', 242.00, '9.54/ Σχ 49 Τεμ 1021 - 29039', 'Στεγαστικό Δάνειο (εχόφληση 2023) 17275 ευρώ', 'Δωρεά', '1991-01-01', '270400', '223600'),
(273, 64, 'Κ. Πολ', 'Οικόπεδο', 585.00, '9.53/ Σχ 56 Τεμ 1107 - 28257', NULL, 'Αγορά με δάνειο', '1998-01-01', '187800', '175300'),
(274, 64, 'ΚΑΤΕΧΟΜΕΝΗ ΒΑΣΙΛΕΙΑ', 'Χωράφι', NULL, NULL, NULL, 'Κληρονομικό', NULL, NULL, NULL),
(275, 65, 'Λουρκά - Ξυλοτύμπου', 'Χωράφι', 16054.00, '4/Δ/1403/2001', NULL, 'Κληρονομικό', '2001-01-01', '5467', '64200'),
(276, 65, 'Μαζέρες - Ξυλοτύμπου', 'Χωράφι', 16514.00, '4/Δ/1403/1991', NULL, 'Κληρονομικό', '2001-01-01', '5638', '71000'),
(277, 65, 'Όρος Χατζηττοφή', 'Χωράφι', 7358.00, '4/Δ/731/2009', NULL, 'Κληρονομικό', '2009-01-01', '4613', '376700'),
(278, 65, 'Ξυλοτύμπου - Μέσα στο χωριό', 'Οικόπεδο', 669.00, '4/Δ/709/2009', NULL, 'Κληρονομικό', '2009-01-01', '4271', '90300'),
(279, 65, 'Ξυλοτύμπου - Μέσα στο χωριό', 'Οικόπεδο', 762.00, '4/Δ/709/2009', NULL, 'Κληρονομικό', '2009-01-01', '5125', '110900'),
(280, 65, 'Ξυλοτύμπου - Πλακίδια', 'Χωράφι', 4323.00, '4/Α/645/1992', 'Υποθύκη για τον τρεχούμενο στον Οπτικό Οίκο Ζ. Ζαχαρίου στην Τρ. Κύπρου', 'Κληρονομικό', '1996-01-01', '2904', '34600'),
(281, 66, 'Λουρκά - Ξυλοτύμπου', 'Χωράφι', 16054.00, '4/Δ/1403/2001', NULL, 'Κληρονομικό', '2001-01-01', '5467', '64200'),
(282, 66, 'Μαζέρες - Ξυλοτύμπου', 'Χωράφι', 16514.00, '4/Δ/1403/1991', NULL, 'Κληρονομικό', '2001-01-01', '5638', '71000'),
(283, 66, 'Όρος Χατζηττοφή', 'Χωράφι', 7358.00, '4/Δ/731/2009', NULL, 'Κληρονομικό', '2009-01-01', '4613', '376700'),
(284, 66, 'Ξυλοτύμπου - Μέσα στο χωριό', 'Οικόπεδο', 669.00, '4/Δ/709/2009', NULL, 'Κληρονομικό', '2009-01-01', '4271', '90300'),
(285, 66, 'Ξυλοτύμπου - Μέσα στο χωριό', 'Οικόπεδο', 762.00, '4/Δ/709/2009', NULL, 'Κληρονομικό', '2009-01-01', '5125', '110900'),
(286, 66, 'Ξυλοτύμπου - Πλακίδια', 'Χωράφι', 4323.00, '4/Α/645/1992', 'Υποθύκη για τον τρεχούμενο στον Οπτικό Οίκο Ζ. Ζαχαρίου στην Τρ. Κύπρου', 'Κληρονομικό', '1996-01-01', '2904', '34600'),
(287, 67, 'Προσφυγικό οικόπεδο στον Ψευδα', 'Οικόπεδο', NULL, NULL, NULL, 'Δικαιούχος προσφυγικού οικοπέδου', '2012-01-01', NULL, NULL),
(288, 67, 'Ανώγυρα', 'Σπίτι', 762.00, 'μερίδιο 1/4', 'Έχει δικαίωμα επί καρπίας εφ\' όρου ζωής της Θάλειας Πολυβίου', 'Δόθηκε ως δωρεά από την μητέρα', '2017-01-01', NULL, NULL),
(289, 67, 'Ανώγυρα', 'Χωράφι', 809.00, '0/18289, 52/38, τεμ. 18, μερίδιο 1/4', 'Έχει δικαίωμα επί καρπίας εφ\' όρου ζωής της Θάλειας Πολυβίου', 'Δόθηκε ως δωρεά από την μητέρα', '2017-01-01', NULL, NULL),
(290, 67, 'Ανώγυρα', 'Χωράφι', 1673.00, '0/19846, 52/38, τεμ. 17, μερίδιο 1/4', 'Έχει δικαίωμα επί καρπίας εφ\' όρου ζωής της Θάλειας Πολυβίου', 'Δόθηκε ως δωρεά από την μητέρα', '2017-01-01', NULL, NULL),
(291, 67, 'Ανώγυρα', 'Χωράφι', 2840.00, '0/22449, 52/30, τεμ. 825, μερίδιο 1/4', 'Έχει δικαίωμα επί καρπίας εφ\' όρου ζωής της Θάλειας Πολυβίου', 'Δόθηκε ως δωρεά από την μητέρα', '2017-01-01', NULL, NULL),
(292, 67, 'Ανώγυρα', 'Χωράφι', 18395.00, '0/18288, 52/38, τεμ. 13, μερίδιο 1/4', 'Έχει δικαίωμα επί καρπίας εφ\' όρου ζωής της Θάλειας Πολυβίου', 'Δόθηκε ως δωρεά από την μητέρα', '2017-01-01', NULL, NULL),
(293, 67, 'Δάλι', 'Σπίτι', 607.00, 'μερίδιο 1/2', 'Υποθήκη προς όφελος του Οργανισμού Χρηματοδοτίσεως Στέγης για 180000 ευρώ', 'Αγορά με συμβόλαιο', '2017-01-01', '219000', '242000'),
(294, 68, 'Προσφυγικό οικόπεδο στον Ψευδά', 'Οικόπεδο', NULL, NULL, 'Δεν υπάρχει τίτλος ιδιοκτησίας ακόμα', 'Δικαιούχος προσφυγικού οικοπέδου', '2012-01-01', NULL, NULL),
(295, 68, 'Ανώγυρα', 'Σπίτι', 762.00, 'μερίδιο 1/4', 'Επι καρπία της Θάλειας Πολυβίου', 'Δωρεά (κληρονομικό)', '2017-01-01', '148000', '148000'),
(296, 68, 'Ανώγηρα', 'Χωράφι', 809.00, '0/18289, 52/38, τεμ. 18, μερίδιο 1/4', 'Επι καρπία της Θάλειας Πολυβίου', 'Δωρεά (κληρονομικό)', '2017-01-01', '1100', '1100'),
(297, 68, 'Ανώγυρα', 'Χωράφι', 1673.00, '0/19846, 52/38, τεμ. 17, μερίδιο 1/4', 'Επι καρπία της Θάλειας Πολυβίου', 'Δωρεά (κληρονομικό)', '2017-01-01', '2700', '2700'),
(298, 68, 'Ανώγυρα', 'Χωράφι', 2840.00, '0/22449, 52/30, τεμ. 825, μερίδιο 1/4', 'Επι καρπία της Θάλειας Πολυβίου', 'Δωρεά (κληρονομικό)', '2017-01-01', '8500', '8500'),
(299, 68, 'Ανώγυρα', 'Χωράφι', 18395.00, '0/18288, 52/38, τεμ. 13, μερίδιο 1/4', 'Επι καρπία της Θάλειας Πολυβίου', 'Δωρεά (κληρονομικό)', '2017-01-01', '31300', '31300'),
(300, 68, 'Δάλι', 'Σπίτι', 607.00, 'μερίδιο 1/2', 'Υποθήκη προς τον Οργανισμό Χρηματοδοτήσεως Στέγης', 'Αγορά', '2017-01-01', '219000', '242000'),
(301, 69, NULL, 'Οικόπεδο', 2032.00, NULL, 'Δικαίωμα διάβασης πλάτους 366 μέτρων κατά μήκος της δυτικής πλευράς του τεμαχίου 1372', 'Αγορά', '1994-01-01', '624050', '624050'),
(302, 69, 'Αμπέλι, Κάτω Αμίαντος, Λεμεσός', 'Χωράφι', 892.00, 'Αρ. εγγραφής 6/1262, Αρ. Τεμ. 518', NULL, 'Αγορά', '1995-01-01', '104550', '104550'),
(303, 70, 'Λάρνακα', 'Σπίτι', 520.00, 'Τεμ. 686, XL/56.W.I', NULL, 'Αγορά - Ανέγερση κατοικίας', '1981-01-01', '379000', '379000'),
(304, 70, 'Αυγόρου', 'Χωράφι', 6674.00, 'Τεμ. 273, 2-278-376', NULL, 'Δωρεά από πατέρα', '1994-01-01', '44000', '44000'),
(305, 70, 'Αυγόρου', 'Χωράφι', 28486.00, 'Τεμ. 222, 2-277-376', NULL, 'Δωρεά από πατέρα', '1994-01-01', '188000', '188000'),
(306, 71, 'Λάρνακα', 'Σπίτι', 520.00, 'Τεμ. 686, XL/56.W.I', NULL, 'Αγορά - Ανέγερση κατοικίας', '1981-01-01', '379000', '346100'),
(307, 71, 'Αυγόρου', 'Χωράφι', 6674.00, 'Τεμ. 273, 2-278-376', NULL, 'Δωρεά από πατέρα', '1994-01-01', '44000', '52100'),
(308, 71, 'Αυγόρου', 'Χωράφι', 28486.00, 'Τεμ. 222, 2-277-376', NULL, 'Δωρεά από πατέρα', '1994-01-01', '188000', '200000'),
(309, 72, NULL, NULL, NULL, NULL, NULL, NULL, NULL, NULL, NULL),
(310, 73, NULL, NULL, NULL, NULL, NULL, NULL, NULL, NULL, NULL),
(311, 74, 'Λευκωσία', 'Σπίτι', NULL, NULL, NULL, 'Κληρονομικό', NULL, '1000000', '1000000'),
(312, 74, 'Λονδίνο', 'Διαμέρισμα', 75.00, '1/4', NULL, 'Αγορά', '2005-01-01', '469760', '469760'),
(313, 75, 'Άγιος Ελευθέριος, Λατσιά, Λευκωσία', 'Σπίτι', 278.00, NULL, 'Υποθυκευμένο στην Ελληνική Τράπεζα (υπόλοιπο δανείου στις 3/3/2020 123942 ευρώ)', 'Αγορά', '2019-01-01', '305000', '315000'),
(314, 76, 'Άγιος Ελευθέριος, Λατσιά, Λευκωσία', 'Σπίτι', 278.00, NULL, 'Αρχικό οικαστικό δάνειο από Ελληνική Τράπεζα ύψους 125000 πλήρως εξυπηρετούμενο (παρόν υπόλοιπο 117134 ευρώ)', 'Αγορά', '2019-01-01', '285000', '305000'),
(315, 77, NULL, NULL, NULL, NULL, NULL, NULL, NULL, NULL, NULL),
(316, 78, 'Πύλα- Λάρνακα', 'Σπίτι', 120.00, NULL, NULL, 'Αγορά', '2010-01-01', '235000', '200000'),
(317, 79, 'Κάτω Τσιφλίκι, Ενορία Βλάχος, Αραδίππου', 'Οικόπεδο', NULL, NULL, 'Υποθήκη (Τράπεζα Κύπρου)', 'Δάνειο (Τράπεζα Κύπρου)', '2017-01-01', '250000', '280000'),
(318, 80, 'Νεροφαιμα, Πάφος', 'Χωράφι', 415.00, 'τεμ. 179, φεχ. Αρ 45-50Ε2', 'Υποθύκη στον συνεργατισμό', 'Δωρεά από την μητέρα', '1988-01-01', '26162', '1000000'),
(319, 80, 'Αγ. Παυλος, Πάφος', 'Χωράφι', 155.00, 'τεμ. 63, φεχ. αρ. 45', 'Υποθύκη στον συνεργατισμό', 'Κληρονομικό από τον πατέρα', '2003-01-01', '168792', '300000'),
(320, 80, 'Αγ. Παυλος, Πάφος', 'Χωράφι', 713.00, 'τεμ. 147, φεχ. L13', NULL, 'Δωρεά από την μητέρα', '1988-01-01', '168792', '400000'),
(321, 80, 'Πετρίδια, Πάφος', 'Χωράφι', 530.00, 'τεμ. 153 XLV Σχ 59 WI', NULL, 'Δωρεά από την μητέρα', '1989-01-01', '67516', '600000'),
(322, 81, 'Πάφος', 'Χωράφι', 415.00, 'τεμ. 179, φεχ. Αρ 45-50Ε2', 'Υποθύκη στον πρώην Συνεργατισμό', 'Δωρεά από την μητέρα', '1988-01-01', '26162', '1000000'),
(323, 81, 'Αγ. Παύλος, Πάφος', 'Χωράφι', 155.00, 'τεμ. 63, φεχ. αρ. 45', 'Υποθύκη στον πρώην Συνεργατισμό', 'Κληρονομικό από τον πατέρα', '2003-01-01', '168792', '300000'),
(324, 81, 'Αγ. Παύλος, Πάφος', 'Χωράφι', 713.00, 'τεμ. 147, φεχ. L13', NULL, 'Δωρεά από την μητέρα', '1988-01-01', '168792', '400000'),
(325, 81, 'Πάφος', 'Χωράφι', 530.00, 'τεμ. 153 XLV Σχ 59 WI', NULL, 'Δωρεά από την μητέρα', '1989-01-01', '67516', '600000'),
(326, 82, 'Λευκωσία, Τρυπιώτης', 'Κατάστημα', 274.00, 'Φυλ. Σχέδ. Τμήμα Αριθμός Τεμαχίου Τμήμα εγγραφής Μεριδίου 1/1', 'Δικαίωμα επικραπίας εφ΄όρου ζωής της', 'Γονική παροχή', '2017-01-01', '170', '265.6'),
(327, 82, 'Λευκωσία, Άγιοι Ομολογητές', 'Οικόπεδο', 585.00, 'Φυλ. Σχέδ. Τμήμα Αριθμός Τεμαχίου Τμήμα εγγραφής Μεριδίου 1/2', '-', 'Δωρεά απο αδελφό', '1975-01-01', '435.693', '819'),
(328, 82, 'Βούππα, Λάρνακα, Κίτι', 'Χωράφι', 13.04, 'Μερίδιο 1/6', '-', 'Γονική Παροχή', '2022-01-01', '33', '134.5'),
(329, 82, 'Βουππα, Λάρνακα, κίτι', 'Οικόπεδο', 504.00, 'Φυλ. Σχέδ. Τμήμα 0 Αριθμός Τεμαχίου Τμήμα εγγραφής Μεριδίου 1/2', '-', 'Γονική παροχή', '2022-01-01', '0', '91.7'),
(330, 82, 'Βουππα, Λάρνακα, κίτι', 'Χωράφι', 3.50, 'Μερίδιο 1/6', '-', 'Γονική παροχή', '2022-01-01', '0', '36.383'),
(331, 82, 'Ξυσταρκά, Αμμόχωστος, Παραλίμνι', 'Σπίτι', 0.00, 'Μερίδιο 1/3', '-', 'Γονική παροχή', '2020-01-01', '0', '349.7'),
(332, 82, 'Ελλάδα, Ακρωτήρι, Ζάκυνθος ', 'Χωράφι', 4.14, 'Φυλ. Σχέδ. Τμήμα 0 Αριθμός Τεμαχίου Τμήμα εγγραφής Μεριδίου 1/2', 'Επικαρπία εφ΄όρου ζωής', 'Αγορά', '2008-01-01', '74.293', '100'),
(333, 82, 'Ηνωμένο Βασίλειο, Λονδίνο', NULL, 300.00, 'Μερίδιο 1/3', 'Συμφωνία μίσθωσης απο 01.01.1998 και για 30 χρόνια', 'Γονική παροχή', '2014-01-01', '0', '429.59'),
(334, 82, 'Ελλάδα, κηφισιας, αττικής', 'Διαμέρισμα', 110.00, 'Αρ. ταυτότητας Ακιν.', 'Επικαρπία εφ΄όρου ζωής', 'Γονική παροχή', NULL, '105', '600'),
(335, 82, 'Λευκοσία, Στρόβολος, χρυσελεούσα', 'Σπίτι', 563.00, 'Αρ. Ταυτότητας Ακιν.', 'Υποθήκη', 'Αγορά', '2011-01-01', '1.02', '830'),
(336, 83, 'Καίμακλι, Λευκωσία', 'Σπίτι', 518.00, 'Μερίδιο 50%', 'Υποθήκη επί δανείου στην ελληνική τράπεζα', 'Αγορά', '2018-01-01', '400', '420'),
(337, 83, 'Πρωταράς, Αμμοχώστου ', 'Σπίτι', 213.00, '50% μερίδιο', 'Υποθήκη επί δανείου στην ελληνική τράπεζα', 'Αγορά', '2020-01-01', '570', '600'),
(338, 83, 'Ορόκλινη, Λάρνακα', 'Σπίτι', 256.00, NULL, '-', 'Δωρεά', '2008-01-01', '350', '282'),
(339, 84, 'Δήμος αγίου Αθανασίου', 'Σπίτι', 658.00, NULL, 'Υποθήκη στη Alpha Bank για στεγαστικό δάνειο', 'Αγορά οικόπεδου και ανέγερση', '2004-01-01', NULL, '1.104'),
(340, 84, 'Πύργοσ Λεμεσού', 'Σπίτι', 816.00, 'μερίδιο 1/14', NULL, 'Δωρεά απο πατέρα', '2015-01-01', NULL, '210'),
(341, 84, 'Παρεκκλησιά Λεμεσός', 'Χωράφι', 6.36, 'μερίδιο 1/14', NULL, 'Δωρεά απο πατέρα', '2015-01-01', NULL, '114.4'),
(342, 84, 'Τοχνή Λάρνακα', 'Χωράφι', 15.05, 'μερίδιο 1/14', NULL, 'Δωρεά απο πατέρα', '2015-01-01', NULL, '138.1'),
(343, 84, 'Τοχνή Λάρνακα', 'Χωράφι', 66.56, 'μερίδιο 1/56', NULL, 'Δωρεά απο πατέρα', '2015-01-01', NULL, '127.8'),
(344, 84, 'Τοχνή Λάρνακα', 'Χωράφι', 1.17, 'μερίδιο 1/14', NULL, 'Δωρεά απο πατέρα', '2023-01-01', NULL, '7.3'),
(345, 85, 'Δήμος Υψωνα', 'Χωράφι', 830.00, NULL, NULL, 'Δωρεά απο πατέρα', '2021-01-01', NULL, '80.75'),
(346, 85, 'Δήμος Έγκωμης', 'Σπίτι', NULL, NULL, NULL, 'Αγορά', '2007-01-01', '298000', '225000'),
(347, 85, 'Δήμος Λακατάμιας', 'Οικόπεδο', 535.00, NULL, NULL, 'Δωρεά γονέων', '2003-01-01', NULL, '93.65'),
(348, 86, 'Δήμος Ύψώνα', 'Χωράφι', 830.00, NULL, NULL, 'Δωρεά απο πατέρα', '2021-01-01', NULL, '80.75'),
(349, 86, 'Δήμος Έγκωμης', 'Σπίτι', 150.00, 'μερίδιο 1/14', NULL, 'Αγορά', '2007-01-01', '298000', '225000'),
(350, 86, 'Λακατάμια', 'Οικόπεδο', 535.00, 'μερίδιο 1/14', NULL, 'Δωρεά γονέων', '2003-01-01', NULL, '93.65'),
(351, 86, 'Κολώνη, κοιλάνι, λεμεσός', 'Χωράφι', 355.00, NULL, NULL, 'Δωρεά απο γονείς', '2022-01-01', '15.9', NULL),
(352, 86, 'Κολώνη, κοιλάνι, λεμεσός', 'Χωράφι', 924.00, NULL, NULL, 'Γονική παροχή', '2022-01-01', '1400', NULL),
(353, 86, 'Κολώνη, κοιλάνι, λεμεσός', 'Χωράφι', 782.00, NULL, NULL, 'Δωρεά απο γονείς', '2022-01-01', '9500', NULL),
(354, 86, 'Μηλιάς, κοιλάνι, λεμεσός', 'Χωράφι', 232.00, NULL, NULL, 'δωρεά απο γονείς', '2022-01-01', '10.9', NULL),
(355, 86, 'Λακατάμια', 'Σπίτι', 547.00, NULL, 'Υποθήκη', 'Αγορά', '2022-01-01', NULL, '300000'),
(356, 87, 'Πάφο', 'Σπίτι', NULL, NULL, NULL, 'Δωρεά από Μητέρα', '1992-01-01', '1879', NULL),
(357, 87, 'Πάφο', 'Χωράφι', NULL, NULL, NULL, 'Δωρεά από Μητέρα', '1992-01-01', '34', NULL),
(358, 87, 'Λάρνακα', 'Χωράφι', NULL, NULL, NULL, 'Αγορά', '2018-01-01', '130000', NULL),
(359, 88, 'Παναγία Πάφο', 'Σπίτι', NULL, NULL, NULL, 'ΔΩΡΕΑ ΑΠΟ ΜΗΤΕΡΑ', '1992-01-01', '1.879', NULL),
(360, 88, 'Παναγία Πάφο', 'Χωράφι', NULL, NULL, NULL, 'ΔΩΡΕΑ ΑΠΟ ΜΗΤΕΡΑ', '1992-01-01', '34', NULL),
(361, 88, 'Μοσφιλωτή Λάρνακα', 'Χωράφι', NULL, NULL, NULL, 'Αγορά', '2018-01-01', '130', '350'),
(362, 89, 'Κερύνεια, Καζαφάνι', 'Χωράφι', 0.00, 'Φ. 12, Σχ. 22, Τεμ. 158', NULL, 'Δώρεα από πατέρα', '2002-01-01', NULL, NULL),
(363, 90, NULL, NULL, NULL, NULL, NULL, NULL, NULL, NULL, NULL),
(364, 91, 'Λευκωσία,Κάτω Πύργος, «Λυμνιώνας»', 'Χωράφι', 1338.00, NULL, NULL, 'Κληρονομικά από την μητέρα', '1995-01-01', '18.795', '122.2'),
(365, 91, 'Λευκωσία', 'Χωράφι', 457.00, NULL, NULL, 'Κληρονομικά από την μητέρα', '1991-01-01', '2.85', '95.2'),
(366, 91, 'Λευκωσία, Πάνω Πύργος «Άγιος Ανδρόνικος»', 'Χωράφι', 3659.00, NULL, '1/2 μερίδιο', 'Κληρονομικά από την μητέρα', '1995-01-01', '239', '26.3'),
(367, 91, 'Λευκωσία,Πάνω Πύργος «Νοστί»', 'Χωράφι', 1605.00, NULL, '1/2 μερίδιο', 'Κληρονομικά από την μητέρα', NULL, '4', NULL),
(368, 92, 'Λευκωσία, Κάτω Πύργος, «Καρόφεα»', 'Χωράφι', 1564.00, '1/45+1/0/18/36/0/692', NULL, 'Κληρονομικά από την μητέρα', '1995-01-01', '18795', '181500'),
(369, 92, 'Λευκωσία, Κάτω Πύργος, «Λιψώτας»', 'Χωράφι', 1338.00, '1/45+1/0/18/45/0/853', '	\r\n½ μερίδιο', 'Κληρονομικά από την μητέρα', '1999-01-01', '4000', NULL),
(370, 92, 'Λευκωσία, Αρδιόλη, «Νούφι»', 'Χωράφι', 1505.00, '1/45+1/0/18/45/0/853', '½ μερίδιο', 'Κληρονομικά από τον πατέρα', '1991-01-01', '2050', '61400'),
(371, 92, 'Λευκωσία, Πάνω Πύργος, «Άγιος Ανδρόνικος»', 'Χωράφι', 1853.00, '18-53-0-185', '1/2 μερίδιο', 'Κληρονομικά από την μητέρα', '2008-01-01', '239', '18800'),
(372, 93, NULL, NULL, NULL, NULL, NULL, NULL, NULL, NULL, NULL),
(373, 94, 'Πάφος, Νατά', 'Χωράφι', 12710.00, NULL, 'Μερίδιο: ⅕', NULL, NULL, NULL, NULL),
(374, 94, 'Πάφος, Κάτω', 'Χωράφι', 25252.00, NULL, NULL, NULL, NULL, NULL, NULL),
(375, 94, 'Πάφος, Ίνεια', 'Σπίτι', 251.00, NULL, NULL, NULL, NULL, NULL, NULL),
(376, 94, 'Πάφος, Ίνεια', 'Χωράφι', 19399.00, NULL, NULL, NULL, NULL, NULL, NULL),
(377, 94, 'Πάφος, Ίνεια', 'Χωράφι', 21071.00, NULL, 'Μερίδιο: 1/5', NULL, NULL, NULL, NULL),
(378, 94, 'Πάφος, Ίνεια', 'Χωράφι', 8696.00, NULL, 'Μερίδιο: 1/3', NULL, NULL, NULL, NULL),
(379, 94, 'Πάφος, Ίνεια', 'Χωράφι', 1598.00, NULL, NULL, NULL, NULL, NULL, NULL),
(380, 94, 'Πάφος, Ίνεια', NULL, 5017.00, NULL, NULL, NULL, NULL, NULL, NULL),
(381, 94, 'Πάφος, Ίνεια', NULL, 4014.00, NULL, NULL, NULL, NULL, NULL, NULL),
(382, 94, 'Πάφος, Ίνεια', NULL, 5686.00, NULL, NULL, NULL, NULL, NULL, NULL),
(383, 94, 'Πάφος, Ίνεια', NULL, 1595.00, NULL, NULL, NULL, NULL, NULL, NULL),
(384, 94, 'Πάφος, Ίνεια', NULL, 36121.00, NULL, 'Μερίδιο: 1/5', NULL, NULL, NULL, NULL),
(385, 94, 'Πάφος, Ίνεια', NULL, 8696.00, NULL, NULL, NULL, NULL, NULL, NULL),
(386, 94, 'Πάφος, Ίνεια', NULL, 2547.00, NULL, NULL, NULL, NULL, NULL, NULL),
(387, 94, 'Πάφος, Ίνεια', NULL, 9013.00, NULL, NULL, NULL, NULL, NULL, NULL),
(388, 94, 'Πάφος, Ίνεια', NULL, 7417.00, NULL, 'Μερίδιο: 1/5', NULL, NULL, NULL, NULL),
(389, 95, 'Αγαθήπολη', 'Σπίτι', 190.00, NULL, NULL, 'Άγορα', '2004-01-01', '81000', NULL),
(390, 95, 'Τρούλλοι', 'Χωράφι', 4.00, NULL, NULL, 'Δωρεά από την μητέρα', '1987-01-01', NULL, NULL),
(391, 95, 'Τρούλλοι', NULL, 8758.00, NULL, NULL, 'Δωρεά από την μητέρα', '1987-01-01', NULL, NULL),
(392, 95, 'Τρούλλοι', NULL, 6.00, NULL, NULL, 'Δωρεά από την μητέρα', '1987-01-01', NULL, NULL),
(393, 95, 'Τρούλλοι', NULL, 3.00, NULL, NULL, 'Δωρεά από την μητέρα', '1987-01-01', NULL, NULL),
(394, 96, 'Αραδίππου', 'Χωράφι', 260.00, NULL, NULL, NULL, NULL, NULL, NULL),
(395, 96, 'Αραδίππου', NULL, 467.00, NULL, NULL, NULL, NULL, NULL, NULL),
(396, 96, 'Αραδίππου', NULL, 1162.00, NULL, NULL, NULL, NULL, NULL, NULL),
(397, 96, 'Αραδίππου', 'Χωράφι', 467.00, NULL, NULL, NULL, NULL, NULL, NULL),
(398, 96, 'Αραδίππου', 'Χωράφι', 1162.00, NULL, NULL, NULL, NULL, NULL, NULL),
(399, 97, 'Αραδίππου', 'Σπίτι', 967.00, NULL, NULL, 'Δωρεά από Μητέρα', '1994-01-01', '33317', '423100'),
(400, 97, 'Αραδίππου', 'Οικόπεδο', 467.00, NULL, NULL, 'Δωρεά από Μητέρα', '2009-01-01', '9000', '114400'),
(401, 97, 'Αραδίππου', 'Χωράφι', 1162.00, NULL, NULL, 'Δωρεά από την μητέρα', '1994-01-01', '512', '181600'),
(402, 98, 'Λευκωσία', 'Σπίτι', 242.00, NULL, NULL, 'Αγορά', '2009-01-01', '94000', NULL),
(403, 99, 'Λευκωσία', 'Οικόπεδο', 567.00, NULL, NULL, 'Κληρονομία', '2009-01-01', '392400', NULL),
(404, 99, NULL, 'Χωράφι', 60.00, NULL, NULL, 'Κληρονομία', '2004-01-01', '35000', NULL),
(405, 100, 'Λευκωσία', 'Σπίτι', 200.00, NULL, NULL, 'Δωρεά ', '2019-01-01', '350000', NULL),
(406, 100, 'Καβάλα', 'Χωράφι', 60.00, NULL, NULL, 'Κληρονομιά', '2004-01-01', '35000', NULL),
(407, 101, 'Έμπα', 'Οικόπεδο', 487.00, 'Τμχ. 246', NULL, 'Αγορά', '1998-01-01', '12000', '104600'),
(408, 101, ' Άρμου', 'Χωράφι', 863.00, 'Τμχ. 68', NULL, 'Αγορά', '2005-01-01', '40000', '35100'),
(409, 102, 'Έμπα', 'Οικόπεδο', 487.00, NULL, NULL, 'Αγορά', '1998-01-01', '0', '39600'),
(410, 102, 'Άρμου', 'Χωράφι', 863.00, NULL, NULL, 'Αγορά', '2005-01-01', '40000', '37500');

-- --------------------------------------------------------

--
-- Table structure for table `submission_periods`
--

CREATE TABLE `submission_periods` (
  `id` int NOT NULL,
  `year` year NOT NULL,
  `is_active` tinyint(1) DEFAULT '1'
) ENGINE=InnoDB DEFAULT CHARSET=utf8mb4 COLLATE=utf8mb4_general_ci;

--
-- Dumping data for table `submission_periods`
--

INSERT INTO `submission_periods` (`id`, `year`, `is_active`) VALUES
(1, '2015', 1),
(2, '2016', 1),
(3, '2017', 1),
(4, '2018', 1),
(5, '2019', 1),
(6, '2020', 1),
(7, '2021', 1),
(8, '2022', 1),
(9, '2023', 1),
(10, '2024', 1),
(12, '2025', 1);

-- --------------------------------------------------------

--
-- Table structure for table `users`
--

CREATE TABLE `users` (
  `id` int NOT NULL,
  `first_name` varchar(50) COLLATE utf8mb4_general_ci NOT NULL,
  `last_name` varchar(50) COLLATE utf8mb4_general_ci NOT NULL,
  `email` varchar(100) COLLATE utf8mb4_general_ci NOT NULL,
  `password` varchar(255) COLLATE utf8mb4_general_ci NOT NULL,
  `role` enum('Public','Politician','Admin') COLLATE utf8mb4_general_ci NOT NULL,
  `reset_token` varchar(64) COLLATE utf8mb4_general_ci DEFAULT NULL,
  `reset_expires` datetime DEFAULT NULL,
  `reset_used` tinyint(1) DEFAULT '0',
  `created_at` datetime DEFAULT CURRENT_TIMESTAMP,
  `is_suspended` tinyint(1) DEFAULT '0'
) ENGINE=InnoDB DEFAULT CHARSET=utf8mb4 COLLATE=utf8mb4_general_ci;

--
-- Dumping data for table `users`
--

INSERT INTO `users` (`id`, `first_name`, `last_name`, `email`, `password`, `role`, `reset_token`, `reset_expires`, `reset_used`, `created_at`, `is_suspended`) VALUES
(1, 'testname', 'testsurname', 'testemail@test.com', '123456789a', 'Politician', NULL, NULL, 0, '2025-04-29 21:35:22', 0),
(2, 'testuser1', 'testuser1', 'testuser1@email.com', '$2y$10$wUrhC1PAYPJ2lhuLUWcpTOmO7vzV9bSFEtZWw6I4pOcbDApJ4Q5e2', 'Public', NULL, NULL, 0, '2025-05-05 08:15:50', 0),
(3, 'politicial', 'politicial', 'politicial@email.com', '$2y$10$3RN5SZGf4BDf70agp0lAkuQycjI5g9lJtLzpmTx0vMpu7K/czyQUu', 'Politician', NULL, NULL, 0, '2025-05-05 09:07:23', 0),
(4, 'admin', 'admin', 'admin@email.com', '$2y$10$3uSBy3FUPPGGWdQSMrEZxuVBvCtlDrLbDJRDlXXPt/VteSNRE9xAy', 'Admin', NULL, NULL, 0, '2025-05-05 09:23:24', 0),
(6, 'EMAIL', 'TEST', 'kyriacosa44@gmail.com', '$2y$10$qUrQcJ15tpbmDp/G7tU6kOIizbr2bytwYmDS5grOBWOrCTBStJOES', 'Admin', NULL, NULL, 0, '2025-05-07 00:29:37', 0),
(7, 'Admin', 'admin', 'admin01@gmail.com', '$2y$10$WC5mlhI7ZNC4zEtH0essSuTuMQZn4.lEn7O8dQ9VgWgj6bZ3Q38L6', 'Admin', NULL, NULL, 0, '2025-05-12 18:58:30', 0),
(9, 'test', 'test', 'test@email.com', '$2y$10$wFrBzA9oq./9gm5z.J0ohebkHmzbBWJjYjavjyyTSSzAjMVTI9HbC', 'Public', NULL, NULL, 0, '2025-05-13 07:28:14', 1),
(10, 'Jorgos', 'Xidias', 'jorgosxidias@gmail.com', '$2y$10$spuyknz30LpRAeBm2uRK/OmrPn3QgAS/eXm396Jqxntjhm5UTO/ZG', 'Public', NULL, NULL, 0, '2025-05-13 10:05:06', 0);

-- --------------------------------------------------------

--
-- Table structure for table `vehicles`
--

CREATE TABLE `vehicles` (
  `id` int NOT NULL,
  `declaration_id` int DEFAULT NULL,
  `brand` varchar(50) COLLATE utf8mb4_general_ci DEFAULT NULL,
  `manu_year` year DEFAULT NULL,
  `value` decimal(12,2) DEFAULT NULL,
  `type` varchar(50) COLLATE utf8mb4_general_ci DEFAULT NULL
) ENGINE=InnoDB DEFAULT CHARSET=utf8mb4 COLLATE=utf8mb4_general_ci;

--
-- Dumping data for table `vehicles`
--

INSERT INTO `vehicles` (`id`, `declaration_id`, `brand`, `manu_year`, `value`, `type`) VALUES
(1, 1, NULL, NULL, NULL, NULL),
(2, 2, 'SMART', '2016', 8000.00, 'Αυτοκίνητο'),
(3, 3, 'Mercedes SUV M-Class', '2013', 20000.00, 'Αυτοκίνητο'),
(4, 4, NULL, NULL, 20500.00, 'Αυτοκίνητο'),
(5, 5, NULL, NULL, 20500.00, 'Αυτοκίνητο'),
(6, 6, 'Μερσεντες', '2009', NULL, 'Αυτοκίνητο'),
(7, 6, 'Λαντροβερ', '2008', NULL, 'Αυτοκίνητο'),
(8, 7, NULL, '2009', 6000.00, 'Αυτοκίνητο'),
(9, 8, NULL, '2009', 5000.00, 'Αυτοκίνητο'),
(10, 9, NULL, '2011', 5000.00, 'Αυτοκίνητο'),
(11, 10, 'Audi A5', NULL, 30000.00, 'Αυτοκίνητο'),
(12, 10, 'Volvo 540', NULL, 2000.00, 'Αυτοκίνητο'),
(13, 10, 'Kawasaki KLE', NULL, 1500.00, 'Μοτοσικλέτα'),
(14, 11, 'Audi A5', NULL, 15000.00, 'Αυτοκίνητο'),
(15, 11, 'Volvo 540', NULL, 1000.00, 'Αυτοκίνητο'),
(16, 11, 'Kawasaki KLE', NULL, 1000.00, 'Μοτοσικλέτα'),
(17, 12, 'Audi A5', NULL, 12000.00, 'Αυτοκίνητο'),
(18, 12, 'Volvo 540', NULL, 1000.00, NULL),
(19, 12, 'Kawasaki KLE', NULL, 1000.00, 'Μοτοσικλέτα'),
(20, 13, NULL, NULL, NULL, NULL),
(21, 14, NULL, NULL, 5.00, 'Αυτοκίνητο'),
(22, 15, 'BMW', NULL, 100000.00, 'Αυτοκίνητο'),
(23, 15, 'AUDI', NULL, 70000.00, 'Αυτοκίνητο'),
(24, 15, 'AUDI', NULL, 58000.00, 'Αυτοκίνητο'),
(25, 15, 'VOLKSWAGEN', NULL, 28000.00, NULL),
(26, 16, 'AUDI', NULL, 70000.00, 'Αυτοκίνητο'),
(27, 16, 'VOLKSWAGEN', NULL, 28000.00, 'Αυτοκίνητο'),
(28, 17, 'Mercedes', NULL, 10000.00, 'Αυτοκίνητο'),
(29, 17, 'Volvo', NULL, 30000.00, 'Αυτοκίνητο'),
(30, 17, 'Mercedes', NULL, 3000.00, 'Αυτοκίνητο'),
(31, 17, 'Volvo', NULL, 2000.00, 'Αυτοκίνητο'),
(32, 18, 'Volvo', NULL, 20000.00, 'Αυτοκίνητο'),
(33, 19, 'Volvo', NULL, 15000.00, 'Αυτοκίνητο'),
(34, 20, 'Volvo', NULL, 12000.00, 'Αυτοκίνητο'),
(35, 21, 'Mitsubishi L200', '2021', 30000.00, 'Αυτοκίνητο'),
(36, 22, 'Μercedes', '2014', 3000.00, 'Αυτοκίνητο'),
(37, 23, 'Μercedes', '2014', 1500.00, 'Αυτοκίνητο'),
(38, 24, 'Μercedes', '2004', 1500.00, 'Αυτοκίνητο'),
(39, 25, 'Μercedes', NULL, 20.00, 'Αυτοκίνητο'),
(40, 26, 'Lexus Rx350', NULL, 12000.00, 'Αυτοκίνητο'),
(41, 26, 'Lexus Rx300', NULL, 1500.00, 'Αυτοκίνητο'),
(42, 27, 'Volvo XC60', NULL, 25000.00, 'Αυτοκίνητο'),
(43, 28, 'Lexus Νx300h', NULL, 25000.00, 'Αυτοκίνητο'),
(44, 28, 'Lexus Rx300', NULL, 10000.00, 'Αυτοκίνητο'),
(45, 29, 'Nissan Xtrail', '2016', 21000.00, 'Αυτοκίνητο'),
(46, 30, 'Volvo XC60', NULL, 19.00, 'Αυτοκίνητο'),
(47, 30, NULL, NULL, 13.00, 'Αυτοκίνητο'),
(48, 31, 'Nissan Xtrail', '2016', 19997.00, 'Αυτοκίνητο'),
(50, 33, 'BMW SALLON(2200cc)/520i', '2017', NULL, 'Αυτοκίνητο'),
(51, 33, '(DOUBLE CABIN PICK UP)MITSUBISHI', '2021', NULL, 'Αυτοκίνητο'),
(52, 34, 'BMW X1', '2020', 31000.00, 'Αυτοκίνητο'),
(53, 34, 'Renault Grand Scenic', '2006', 3000.00, 'Αυτοκίνητο'),
(54, 35, 'BMW SALLON(2200cc)/520i', '2007', NULL, 'Αυτοκίνητο'),
(55, 35, '(DOUBLE CABIN PICK UP)MITSUBISHI', '2011', NULL, 'Αυτοκίνητο'),
(56, 36, 'HYUNDAI TUCSON', '2022', 25.00, 'Αυτοκίνητο'),
(57, 36, 'FIAT 500', '2014', 3.00, 'Αυτοκίνητο'),
(58, 37, 'Mercedes ', '2005', 2000.00, 'Αυτοκίνητο'),
(59, 37, 'Honda Civic', '2006', 16500.00, 'Αυτοκίνητο'),
(62, 39, NULL, NULL, NULL, NULL),
(63, 40, NULL, NULL, NULL, NULL),
(64, 41, 'Masseradi GT', NULL, 40000.00, 'Αυτοκίνητο'),
(65, 42, 'Mazda Demio saloon', NULL, 4000.00, 'Αυτοκίνητο'),
(66, 43, 'Honda Accord', NULL, 6000.00, 'Αυτοκίνητο'),
(67, 44, NULL, NULL, NULL, NULL),
(68, 45, NULL, NULL, NULL, NULL),
(69, 46, NULL, NULL, NULL, NULL),
(71, 48, 'BMW 420 ', '2017', 20000.00, 'Αυτοκίνητο'),
(72, 49, 'Mazda', NULL, 12000.00, 'Αυτοκίνητο'),
(73, 50, 'Mazda', NULL, 12000.00, 'Αυτοκίνητο'),
(74, 51, NULL, NULL, 20000.00, 'Αυτοκίνητο'),
(75, 52, NULL, NULL, 3150.00, 'Μοτοσικλέτα'),
(76, 53, NULL, NULL, 3150.00, 'Μοτοσικλέτα'),
(77, 54, 'BMW 535D', NULL, 40000.00, 'Αυτοκίνητο'),
(78, 55, 'BMW 535D', NULL, 20000.00, 'Αυτοκίνητο'),
(79, 56, 'BMW 535D', NULL, 55000.00, 'Αυτοκίνητο'),
(80, 57, 'Honda Civic', NULL, 1000.00, 'Αυτοκίνητο'),
(81, 57, 'BMW 520d', NULL, 1000.00, 'Αυτοκίνητο'),
(82, 58, 'Honda Civic', NULL, 750.00, 'Αυτοκίνητο'),
(83, 58, 'BMW 520d', NULL, 8000.00, 'Αυτοκίνητο'),
(84, 59, 'Mercedes SLK AMG', NULL, 5000.00, 'Αυτοκίνητο'),
(85, 60, 'Mercedes SLK AMG', NULL, 5000.00, 'Αυτοκίνητο'),
(86, 61, 'Mercedes', NULL, 12000.00, 'Αυτοκίνητο'),
(87, 61, 'Mercedes', NULL, 40000.00, 'Αυτοκίνητο'),
(88, 62, 'I.X Mercedes', NULL, 40000.00, 'Αυτοκίνητο'),
(89, 63, NULL, NULL, NULL, NULL),
(90, 64, NULL, NULL, NULL, NULL),
(91, 65, 'Mercedes 220 CDI', NULL, 6000.00, 'Αυτοκίνητο'),
(92, 66, 'Mercedes 220 CDI', NULL, 3500.00, 'Αυτοκίνητο'),
(93, 67, NULL, NULL, NULL, NULL),
(94, 68, NULL, NULL, NULL, NULL),
(95, 69, 'Toyota Land Cruiser', NULL, 118000.00, 'Αυτοκίνητο'),
(96, 70, 'Volvo 580', NULL, 7000.00, NULL),
(97, 71, 'Volvo 580', NULL, 3000.00, 'Αυτοκίνητο'),
(98, 72, 'Mercedes E220D', '2016', 27000.00, 'Αυτοκίνητο'),
(99, 72, 'Mitsubishi Pajero', '2000', 5000.00, 'Αυτοκίνητο'),
(100, 73, 'Mercedes E220D', '2016', 27000.00, 'Αυτοκίνητο'),
(101, 73, 'Mitsubishi Pajero', '2000', 5000.00, 'Αυτοκίνητο'),
(102, 74, 'Alfa Romeo Spidez', NULL, 10000.00, 'Αυτοκίνητο'),
(103, 74, 'BMW', NULL, 15000.00, 'Αυτοκίνητο'),
(104, 74, 'BMW', NULL, 30000.00, 'Αυτοκίνητο'),
(105, 75, 'Audi A3 Sedan', NULL, 16000.00, 'Αυτοκίνητο'),
(106, 76, 'Audi A3 SALOON', NULL, 24000.00, 'Αυτοκίνητο'),
(107, 77, 'BMW 420 ', '2017', 20000.00, 'Αυτοκίνητο'),
(108, 78, 'Mercedes', '2005', 1500.00, 'Αυτοκίνητο'),
(109, 78, 'Honda Civic', '2006', 1500.00, 'Αυτοκίνητο'),
(110, 78, 'Hyundai Ioniq 5', '2024', 52000.00, 'Αυτοκίνητο'),
(111, 79, 'SsangYong Rexton 2022', '2022', 33000.00, 'Αυτοκίνητο'),
(112, 80, 'Mercedes', NULL, 6000.00, 'Αυτοκίνητο'),
(113, 80, 'Mercedes', NULL, 8000.00, 'Αυτοκίνητο'),
(114, 80, 'Mercedes', NULL, 20000.00, 'Αυτοκίνητο'),
(115, 81, 'Mercedes', NULL, 5000.00, 'Αυτοκίνητο'),
(116, 81, 'Mercedes', NULL, 7000.00, 'Αυτοκίνητο'),
(117, 81, 'Mercedes', NULL, 20000.00, 'Αυτοκίνητο'),
(118, 82, 'Toyota Rav4 Hybrid', '2016', 16.00, 'Αυτοκίνητο'),
(119, 83, 'Volvo ', NULL, 35000.00, 'Αυτοκίνητο'),
(120, 84, 'Porsche', NULL, 35.00, 'Αυτοκίνητο'),
(121, 85, 'Οpel astra Cabrio', NULL, 1500.00, 'Αυτοκίνητο'),
(122, 86, 'Οpel astra Cabrio', NULL, 1500.00, NULL),
(123, 86, 'BMW X2', NULL, 30000.00, 'Αυτοκίνητο'),
(124, 87, 'Lexus Saloon', '2018', 103000.00, 'Αυτοκίνητο'),
(125, 88, 'Lexus Saloon', '2018', 103.00, 'Αυτοκίνητο'),
(126, 89, NULL, '2002', 8000.00, 'Αυτοκίνητο'),
(127, 90, 'BMW 530e', NULL, NULL, 'Αυτοκίνητο'),
(128, 91, 'Toyota Yaris', '2018', 20.00, 'Αυτοκίνητο'),
(129, 92, 'Toyota Yaris', NULL, 20000.00, 'Αυτοκίνητο'),
(130, 93, NULL, NULL, NULL, NULL),
(131, 94, 'Lexus Saloon', NULL, 12000.00, 'Αυτοκίνητο'),
(132, 95, 'BMW 520d', '2018', 29000.00, 'Αυτοκίνητο'),
(133, 96, 'Ford KUGA', '2018', 20000.00, 'Αυτοκίνητο'),
(134, 97, 'Ford KUGA', '2018', 20000.00, 'Αυτοκίνητο'),
(135, 98, 'Audi A5', '2008', 50000.00, 'Αυτοκίνητο'),
(136, 99, 'BMW 116i', NULL, 10000.00, 'Αυτοκίνητο'),
(137, 99, 'Mercedes GLC', NULL, 40000.00, 'Αυτοκίνητο'),
(138, 100, 'Mercedes GLC', NULL, 40000.00, 'Αυτοκίνητο'),
(139, 101, 'Audi A6', NULL, 10000.00, 'Αυτοκίνητο'),
(140, 102, 'Audi A6', NULL, 5000.00, 'Αυτοκίνητο'),
(141, 102, 'Audi A6', NULL, 18000.00, 'Αυτοκίνητο');

--
-- Indexes for dumped tables
--

--
-- Indexes for table `bussiness`
--
ALTER TABLE `bussiness`
  ADD PRIMARY KEY (`id`),
  ADD KEY `declaration_id` (`declaration_id`);

--
-- Indexes for table `debts`
--
ALTER TABLE `debts`
  ADD PRIMARY KEY (`id`),
  ADD KEY `declaration_id` (`declaration_id`);

--
-- Indexes for table `declarations`
--
ALTER TABLE `declarations`
  ADD PRIMARY KEY (`id`),
  ADD KEY `user_id` (`user_id`),
  ADD KEY `submission_period_id` (`submission_period_id`);

--
-- Indexes for table `deposits`
--
ALTER TABLE `deposits`
  ADD PRIMARY KEY (`id`),
  ADD KEY `declaration_id` (`declaration_id`);

--
-- Indexes for table `differences`
--
ALTER TABLE `differences`
  ADD PRIMARY KEY (`id`),
  ADD KEY `declaration_id` (`declaration_id`);

--
-- Indexes for table `insurance`
--
ALTER TABLE `insurance`
  ADD PRIMARY KEY (`id`),
  ADD KEY `declaration_id` (`declaration_id`);

--
-- Indexes for table `liquid_assets`
--
ALTER TABLE `liquid_assets`
  ADD PRIMARY KEY (`id`),
  ADD KEY `declaration_id` (`declaration_id`);

--
-- Indexes for table `parties`
--
ALTER TABLE `parties`
  ADD PRIMARY KEY (`id`),
  ADD UNIQUE KEY `name` (`name`);

--
-- Indexes for table `personal_data`
--
ALTER TABLE `personal_data`
  ADD PRIMARY KEY (`id`),
  ADD KEY `declaration_id` (`declaration_id`),
  ADD KEY `party_id` (`party_id`);

--
-- Indexes for table `previous_incomes`
--
ALTER TABLE `previous_incomes`
  ADD PRIMARY KEY (`id`),
  ADD KEY `declaration_id` (`declaration_id`);

--
-- Indexes for table `properties`
--
ALTER TABLE `properties`
  ADD PRIMARY KEY (`id`),
  ADD KEY `declaration_id` (`declaration_id`);

--
-- Indexes for table `submission_periods`
--
ALTER TABLE `submission_periods`
  ADD PRIMARY KEY (`id`),
  ADD UNIQUE KEY `year` (`year`);

--
-- Indexes for table `users`
--
ALTER TABLE `users`
  ADD PRIMARY KEY (`id`);

--
-- Indexes for table `vehicles`
--
ALTER TABLE `vehicles`
  ADD PRIMARY KEY (`id`),
  ADD KEY `declaration_id` (`declaration_id`);

--
-- AUTO_INCREMENT for dumped tables
--

--
-- AUTO_INCREMENT for table `bussiness`
--
ALTER TABLE `bussiness`
  MODIFY `id` int NOT NULL AUTO_INCREMENT, AUTO_INCREMENT=123;

--
-- AUTO_INCREMENT for table `debts`
--
ALTER TABLE `debts`
  MODIFY `id` int NOT NULL AUTO_INCREMENT, AUTO_INCREMENT=181;

--
-- AUTO_INCREMENT for table `declarations`
--
ALTER TABLE `declarations`
  MODIFY `id` int NOT NULL AUTO_INCREMENT, AUTO_INCREMENT=104;

--
-- AUTO_INCREMENT for table `deposits`
--
ALTER TABLE `deposits`
  MODIFY `id` int NOT NULL AUTO_INCREMENT, AUTO_INCREMENT=278;

--
-- AUTO_INCREMENT for table `differences`
--
ALTER TABLE `differences`
  MODIFY `id` int NOT NULL AUTO_INCREMENT, AUTO_INCREMENT=104;

--
-- AUTO_INCREMENT for table `insurance`
--
ALTER TABLE `insurance`
  MODIFY `id` int NOT NULL AUTO_INCREMENT, AUTO_INCREMENT=171;

--
-- AUTO_INCREMENT for table `liquid_assets`
--
ALTER TABLE `liquid_assets`
  MODIFY `id` int NOT NULL AUTO_INCREMENT, AUTO_INCREMENT=150;

--
-- AUTO_INCREMENT for table `parties`
--
ALTER TABLE `parties`
  MODIFY `id` int NOT NULL AUTO_INCREMENT, AUTO_INCREMENT=11;

--
-- AUTO_INCREMENT for table `personal_data`
--
ALTER TABLE `personal_data`
  MODIFY `id` int NOT NULL AUTO_INCREMENT, AUTO_INCREMENT=104;

--
-- AUTO_INCREMENT for table `previous_incomes`
--
ALTER TABLE `previous_incomes`
  MODIFY `id` int NOT NULL AUTO_INCREMENT, AUTO_INCREMENT=104;

--
-- AUTO_INCREMENT for table `properties`
--
ALTER TABLE `properties`
  MODIFY `id` int NOT NULL AUTO_INCREMENT, AUTO_INCREMENT=412;

--
-- AUTO_INCREMENT for table `submission_periods`
--
ALTER TABLE `submission_periods`
  MODIFY `id` int NOT NULL AUTO_INCREMENT, AUTO_INCREMENT=16;

--
-- AUTO_INCREMENT for table `users`
--
ALTER TABLE `users`
  MODIFY `id` int NOT NULL AUTO_INCREMENT, AUTO_INCREMENT=11;

--
-- AUTO_INCREMENT for table `vehicles`
--
ALTER TABLE `vehicles`
  MODIFY `id` int NOT NULL AUTO_INCREMENT, AUTO_INCREMENT=143;

--
-- Constraints for dumped tables
--

--
-- Constraints for table `bussiness`
--
ALTER TABLE `bussiness`
  ADD CONSTRAINT `bussiness_ibfk_1` FOREIGN KEY (`declaration_id`) REFERENCES `declarations` (`id`) ON DELETE CASCADE;

--
-- Constraints for table `debts`
--
ALTER TABLE `debts`
  ADD CONSTRAINT `debts_ibfk_1` FOREIGN KEY (`declaration_id`) REFERENCES `declarations` (`id`) ON DELETE CASCADE;

--
-- Constraints for table `declarations`
--
ALTER TABLE `declarations`
  ADD CONSTRAINT `declarations_ibfk_1` FOREIGN KEY (`user_id`) REFERENCES `users` (`id`) ON DELETE CASCADE,
  ADD CONSTRAINT `declarations_ibfk_2` FOREIGN KEY (`submission_period_id`) REFERENCES `submission_periods` (`id`);

--
-- Constraints for table `deposits`
--
ALTER TABLE `deposits`
  ADD CONSTRAINT `deposits_ibfk_1` FOREIGN KEY (`declaration_id`) REFERENCES `declarations` (`id`) ON DELETE CASCADE;

--
-- Constraints for table `differences`
--
ALTER TABLE `differences`
  ADD CONSTRAINT `differences_ibfk_1` FOREIGN KEY (`declaration_id`) REFERENCES `declarations` (`id`) ON DELETE CASCADE;

--
-- Constraints for table `insurance`
--
ALTER TABLE `insurance`
  ADD CONSTRAINT `insurance_ibfk_1` FOREIGN KEY (`declaration_id`) REFERENCES `declarations` (`id`) ON DELETE CASCADE;

--
-- Constraints for table `liquid_assets`
--
ALTER TABLE `liquid_assets`
  ADD CONSTRAINT `liquid_assets_ibfk_1` FOREIGN KEY (`declaration_id`) REFERENCES `declarations` (`id`) ON DELETE CASCADE;

--
-- Constraints for table `personal_data`
--
ALTER TABLE `personal_data`
  ADD CONSTRAINT `personal_data_ibfk_1` FOREIGN KEY (`declaration_id`) REFERENCES `declarations` (`id`) ON DELETE CASCADE,
  ADD CONSTRAINT `personal_data_ibfk_2` FOREIGN KEY (`party_id`) REFERENCES `parties` (`id`) ON DELETE SET NULL;

--
-- Constraints for table `previous_incomes`
--
ALTER TABLE `previous_incomes`
  ADD CONSTRAINT `previous_incomes_ibfk_1` FOREIGN KEY (`declaration_id`) REFERENCES `declarations` (`id`) ON DELETE CASCADE;

--
-- Constraints for table `properties`
--
ALTER TABLE `properties`
  ADD CONSTRAINT `properties_ibfk_1` FOREIGN KEY (`declaration_id`) REFERENCES `declarations` (`id`) ON DELETE CASCADE;

--
-- Constraints for table `vehicles`
--
ALTER TABLE `vehicles`
  ADD CONSTRAINT `vehicles_ibfk_1` FOREIGN KEY (`declaration_id`) REFERENCES `declarations` (`id`) ON DELETE CASCADE;
COMMIT;

/*!40101 SET CHARACTER_SET_CLIENT=@OLD_CHARACTER_SET_CLIENT */;
/*!40101 SET CHARACTER_SET_RESULTS=@OLD_CHARACTER_SET_RESULTS */;
/*!40101 SET COLLATION_CONNECTION=@OLD_COLLATION_CONNECTION */;
